feeder,band,band_priority,committed_hours_per_day,primary_business_units,cap_oct,cap_nov,cap_dec,cap_mean,cap_total_q4,cap_for_weight,cap_imputed_flag,demand_weight,avg_interruptions_per_day,avg_interruption_duration_hours,avg_response_time_calls_hours,avg_response_time_complaints_hours,in_myto,in_caps_oct,in_caps_nov,in_caps_dec,months_present,band_myto,band_oct,business_units_oct,n_bus_oct,band_nov,business_units_nov,n_bus_nov,band_dec,business_units_dec,n_bus_dec
11-Adekunle FajuyiINJ-T1- Isaac John,A - Bilateral,5,20.0,IKEJA BU,,,1069.0,1069.0,1069.0,1069.0,False,0.00431161736665882,,,,,False,False,False,True,1,,,,,,,,A - Bilateral,IKEJA BU,1.0
11-Adekunle FajuyiINJ-T1- Oduduwa,A - Bilateral,5,20.0,IKEJA BU,,,988.0,988.0,988.0,988.0,False,0.003984918576481678,,,,,False,False,False,True,1,,,,,,,,A - Bilateral,IKEJA BU,1.0
11-Adekunle FajuyiINJ-T1-Isaac John,A - Bilateral,5,21.0,IKEJA BU,1016.0,1047.0,,1031.5,2063.0,1031.5,False,0.004160367926761995,0.45,9.833055555555555,0.001388888888888889,9.833055555555555,True,True,True,False,2,A - Bilateral,A - Bilateral,IKEJA BU,1.0,A - Bilateral,IKEJA BU,1.0,,,
11-Adekunle FajuyiINJ-T1-Oduduwa,A - Bilateral,5,21.0,IKEJA BU,939.0,968.0,,953.5,1907.0,953.5,False,0.0038457690917765995,0.45,12.35,0.001388888888888889,12.35,True,True,True,False,2,A - Bilateral,A - Bilateral,IKEJA BU,1.0,A - Bilateral,IKEJA BU,1.0,,,
11-Adeniyi JonesINJ-T1- Adeniyi Jones,A,5,20.0,IKEJA BU,,,1000.0,1000.0,1000.0,1000.0,False,0.004033318397248662,,,,,False,False,False,True,1,,,,,,,,A,IKEJA BU,1.0
11-Adeniyi JonesINJ-T1-Adeniyi Jones,A,5,21.0,IKEJA BU,950.0,979.0,,964.5,1929.0,964.5,False,0.003890135594146335,5.72,8.451944444444443,0.016666666666666666,8.451944444444443,True,True,True,False,2,A,A,IKEJA BU,1.0,A,IKEJA BU,1.0,,,
11-AjegunleINJ-T1-Owode Onirin,A,5,21.0,,,,,,,854.1858974358973,True,0.0034452036947985637,5.72,4.988888888888889,0.016666666666666666,4.988888888888889,True,False,False,False,0,A,,,,,,,,,
11-AlimoshoINJ-T8-Alimosho,A,5,21.0,AKOWONJO BU,550.0,567.0,579.0,565.3333333333334,1696.0,565.3333333333334,False,0.002280169333911244,0.36,8.530833333333334,0.016666666666666666,8.530833333333334,True,True,True,True,3,A,B,AKOWONJO BU,1.0,B,AKOWONJO BU,1.0,B,AKOWONJO BU,1.0
11-HilltopINJ-T1-Hilltop,A - Bilateral,5,21.0,AKOWONJO BU,558.0,575.0,587.0,573.3333333333334,1720.0,573.3333333333334,False,0.002312435881089233,0.45,7.855833333333333,0.001388888888888889,7.855833333333333,True,True,True,True,3,A - Bilateral,A - Bilateral,AKOWONJO BU,1.0,A - Bilateral,AKOWONJO BU,1.0,A - Bilateral,AKOWONJO BU,1.0
11-IgbobiINJ-T3-Railway,A,5,21.0,SHOMOLU BU,673.0,694.0,708.0,691.6666666666666,2075.0,691.6666666666666,False,0.0027897118914303244,6.72,10.0,0.016666666666666666,10.0,True,True,True,True,3,A,A,SHOMOLU BU,1.0,A,SHOMOLU BU,1.0,A,SHOMOLU BU,1.0
11-IjuINJ-T2-Water Works,A,5,21.0,,,,,,,854.1858974358973,True,0.0034452036947985637,5.72,8.962499999999999,0.016666666666666666,8.962499999999999,True,False,False,False,0,A,,,,,,,,,
11-Ilupeju BypassINJ-T1- Bypass,A,5,20.0,SHOMOLU BU,,,895.0,895.0,895.0,895.0,False,0.0036098199655375525,,,,,False,False,False,True,1,,,,,,,,A,SHOMOLU BU,1.0
11-Ilupeju BypassINJ-T1- Industrial,A,5,20.0,SHOMOLU BU,,,543.0,543.0,543.0,543.0,False,0.0021900918897060236,,,,,False,False,False,True,1,,,,,,,,A,SHOMOLU BU,1.0
11-Ilupeju BypassINJ-T1- Obanikoro,A,5,20.0,SHOMOLU BU,,,857.0,857.0,857.0,857.0,False,0.0034565538664421036,,,,,False,False,False,True,1,,,,,,,,A,SHOMOLU BU,1.0
11-Ilupeju BypassINJ-T1-Bypass,A,5,21.0,SHOMOLU BU,851.0,877.0,,864.0,1728.0,864.0,False,0.003484787095222844,0.36,8.911111111111111,0.016666666666666666,8.911111111111111,True,True,True,False,2,A,A,SHOMOLU BU,1.0,A,SHOMOLU BU,1.0,,,
11-Ilupeju BypassINJ-T1-Industrial,A,5,21.0,SHOMOLU BU,516.0,532.0,,524.0,1048.0,524.0,False,0.002113458840158299,5.72,7.694444444444445,0.016666666666666666,7.694444444444445,True,True,True,False,2,A,A,SHOMOLU BU,1.0,A,SHOMOLU BU,1.0,,,
11-Ilupeju BypassINJ-T1-Obanikoro,A,5,21.0,SHOMOLU BU,815.0,839.0,,827.0,1654.0,827.0,False,0.0033355543145246434,5.72,7.279444444444445,0.016666666666666666,7.279444444444445,True,True,True,False,2,A,A,SHOMOLU BU,1.0,A,SHOMOLU BU,1.0,,,
11-IlupejuINJ-T1-ATM,A,5,21.0,,,,,,,854.1858974358973,True,0.0034452036947985637,0.36,10.0,0.016666666666666666,10.0,True,False,False,False,0,A,,,,,,,,,
11-IlupejuINJ-T1-Bhojson,A,5,20.0,IKEJA BU,1377.0,1419.0,1449.0,1415.0,4245.0,1415.0,False,0.005707145532106857,,,,,False,True,True,True,3,,A,IKEJA BU,1.0,A,IKEJA BU,1.0,A,IKEJA BU,1.0
11-IlupejuINJ-T1-Rida Plastic,A,5,21.0,,,,,,,854.1858974358973,True,0.0034452036947985637,0.36,5.558055555555556,0.016666666666666666,5.558055555555556,True,False,False,False,0,A,,,,,,,,,
11-IlupejuINJ-T3-Coker,A,5,21.0,SHOMOLU BU,884.0,911.0,930.0,908.3333333333334,2725.0,908.3333333333334,False,0.003663597544167535,5.72,13.083333333333334,0.016666666666666666,13.083333333333334,True,True,True,True,3,A,A,SHOMOLU BU,1.0,A,SHOMOLU BU,1.0,A,SHOMOLU BU,1.0
11-IlupejuINJ-T3-Palmgrove,A,5,21.0,SHOMOLU BU,873.0,900.0,919.0,897.3333333333334,2692.0,897.3333333333334,False,0.0036192310417977997,5.72,6.405277777777778,0.016666666666666666,6.405277777777778,True,True,True,True,3,A,A,SHOMOLU BU,1.0,A,SHOMOLU BU,1.0,A,SHOMOLU BU,1.0
11-IlupejuINJ-T4-Ikorodu,A,5,21.0,IKEJA BU,848.0,874.0,892.0,871.3333333333334,2614.0,871.3333333333334,False,0.0035143647634693345,5.72,9.720555555555556,0.016666666666666666,9.720555555555556,True,True,True,True,3,A,A,IKEJA BU,1.0,A,IKEJA BU,1.0,A,IKEJA BU,1.0
11-IlupejuLocal-T1-Obanikoro,A,5,20.0,SHOMOLU BU,802.0,826.0,843.0,823.6666666666666,2471.0,823.6666666666666,False,0.003322109919867148,,,,,False,True,True,True,3,,A,SHOMOLU BU,1.0,A,SHOMOLU BU,1.0,A,SHOMOLU BU,1.0
11-ItireINJ-T1-Okota,A,5,21.0,OSHODI BU,572.0,589.0,601.0,587.3333333333334,1762.0,587.3333333333334,False,0.0023689023386507142,5.72,6.302222222222222,0.016666666666666666,6.302222222222222,True,True,True,True,3,A,B,OSHODI BU,1.0,B,OSHODI BU,1.0,B,OSHODI BU,1.0
11-ItireINJ-T2-Amuwo-Ijesha,A,5,21.0,,,,,,,854.1858974358973,True,0.0034452036947985637,0.36,10.2875,0.016666666666666666,10.2875,True,False,False,False,0,A,,,,,,,,,
11-ItireINJ-T2-Canal,A,5,21.0,OSHODI BU,624.0,643.0,656.0,641.0,1923.0,641.0,False,0.0025853570926363924,6.72,5.483055555555556,0.016666666666666666,5.483055555555556,True,True,True,True,3,A,A,OSHODI BU,1.0,A,OSHODI BU,1.0,A,OSHODI BU,1.0
11-Lagos HomsINJ-T1-Estate,A - Bilateral,5,21.0,,,,,,,924.0588235294117,True,0.003727023453081131,0.25,4.674444444444445,0.001388888888888889,4.674444444444445,True,False,False,False,0,A - Bilateral,,,,,,,,,
11-MagodoINJ-T1-Emmanuel Keshi,A - Bilateral,5,21.0,SHOMOLU BU,908.0,936.0,955.0,933.0,2799.0,933.0,False,0.0037630860646330018,0.45,4.541111111111111,0.001388888888888889,4.541111111111111,True,True,True,True,3,A - Bilateral,A - Bilateral,SHOMOLU BU,1.0,A - Bilateral,SHOMOLU BU,1.0,A - Bilateral,SHOMOLU BU,1.0
11-MagodoINJ-T1-Owulade,A - Bilateral,5,21.0,SHOMOLU BU,816.0,841.0,858.0,838.3333333333334,2515.0,838.3333333333334,False,0.0033812652563601285,0.45,4.4750000000000005,0.001388888888888889,4.4750000000000005,True,True,True,True,3,A - Bilateral,A - Bilateral,SHOMOLU BU,1.0,A - Bilateral,SHOMOLU BU,1.0,A - Bilateral,SHOMOLU BU,1.0
11-MagodoINJ-T1-Shangisha,A - Bilateral,5,21.0,SHOMOLU BU,879.0,906.0,925.0,903.3333333333334,2710.0,903.3333333333334,False,0.0036434309521812917,0.45,4.303055555555555,0.001388888888888889,4.303055555555555,True,True,True,True,3,A - Bilateral,A - Bilateral,SHOMOLU BU,1.0,A - Bilateral,SHOMOLU BU,1.0,A - Bilateral,SHOMOLU BU,1.0
11-MagodoINJ-T2-Bashiru,A - Bilateral,5,21.0,SHOMOLU BU,960.0,989.0,1010.0,986.3333333333334,2959.0,986.3333333333334,False,0.00397819637915293,0.45,4.841388888888889,0.001388888888888889,4.841388888888889,True,True,True,True,3,A - Bilateral,A - Bilateral,SHOMOLU BU,1.0,A - Bilateral,SHOMOLU BU,1.0,A - Bilateral,SHOMOLU BU,1.0
11-MagodoINJ-T2-CMD,A,5,21.0,SHOMOLU BU,796.0,821.0,838.0,818.3333333333334,2455.0,818.3333333333334,False,0.0033005988884151553,0.45,4.674444444444445,0.001388888888888889,4.674444444444445,True,True,True,True,3,A,B,SHOMOLU BU,1.0,B,SHOMOLU BU,1.0,B,SHOMOLU BU,1.0
11-MarylandINJ-T1-Okupe,A,5,21.0,SHOMOLU BU,819.0,844.0,861.0,841.3333333333334,2524.0,841.3333333333334,False,0.0033933652115518747,5.72,6.871666666666667,0.016666666666666666,6.871666666666667,True,True,True,True,3,A,A,SHOMOLU BU,1.0,A,SHOMOLU BU,1.0,A,SHOMOLU BU,1.0
11-MarylandINJ-T1-PTC,A - Bilateral,5,21.0,IKEJA BU,980.0,1010.0,1031.0,1007.0,3021.0,1007.0,False,0.004061551626029403,0.45,14.00361111111111,0.001388888888888889,14.00361111111111,True,True,True,True,3,A - Bilateral,A - Bilateral,IKEJA BU,1.0,A - Bilateral,IKEJA BU,1.0,A - Bilateral,IKEJA BU,1.0
11-MarylandINJ-T2-GRA,A,5,21.0,IKEJA BU,1255.0,1293.0,1320.0,1289.3333333333333,3868.0,1289.3333333333333,False,0.0052002918535192745,6.72,11.104722222222222,0.016666666666666666,11.104722222222222,True,True,True,True,3,A,B,IKEJA BU,1.0,B,IKEJA BU,1.0,B,IKEJA BU,1.0
11-MarylandINJ-T2-Ojota,A,5,21.0,IKEJA BU;SHOMOLU BU,1677.0,1728.0,1764.0,1723.0,5169.0,1723.0,False,0.006949407598459445,0.36,8.353333333333333,0.016666666666666666,8.353333333333333,True,True,True,True,3,A,B,IKEJA BU;SHOMOLU BU,2.0,B,IKEJA BU;SHOMOLU BU,2.0,B,IKEJA BU;SHOMOLU BU,2.0
11-MarylandINJ-T2-Westex,A,5,21.0,SHOMOLU BU,846.0,871.0,890.0,869.0,2607.0,869.0,False,0.0035049536872090873,0.36,4.253888888888889,0.016666666666666666,4.253888888888889,True,True,True,True,3,A,A,SHOMOLU BU,1.0,A,SHOMOLU BU,1.0,A,SHOMOLU BU,1.0
11-MarylandINJ-T3-Demurin,A,5,21.0,SHOMOLU BU,769.0,792.0,809.0,790.0,2370.0,790.0,False,0.003186321533826443,5.72,9.476666666666667,0.016666666666666666,9.476666666666667,True,True,True,True,3,A,A,SHOMOLU BU,1.0,A,SHOMOLU BU,1.0,A,SHOMOLU BU,1.0
11-MarylandINJ-T3-Sylvia,A,5,21.0,SHOMOLU BU,857.0,883.0,902.0,880.6666666666666,2642.0,880.6666666666666,False,0.0035520090685103216,5.72,8.930277777777777,0.016666666666666666,8.930277777777777,True,True,True,True,3,A,A,SHOMOLU BU,1.0,A,SHOMOLU BU,1.0,A,SHOMOLU BU,1.0
11-New AlausaINJ-T4- Siyanbola,A,5,20.0,IKEJA BU,,,1022.0,1022.0,1022.0,1022.0,False,0.004122051401988133,,,,,False,False,False,True,1,,,,,,,,A,IKEJA BU,1.0
11-New AlausaINJ-T4-Allen,A,5,21.0,IKEJA BU,923.0,951.0,971.0,948.3333333333334,2845.0,948.3333333333334,False,0.0038249302800574814,0.36,11.096388888888889,0.016666666666666666,11.096388888888889,True,True,True,True,3,A,A,IKEJA BU,1.0,A,IKEJA BU,1.0,A,IKEJA BU,1.0
11-New AlausaINJ-T4-Oregun,A,5,21.0,IKEJA BU,997.0,1027.0,1049.0,1024.3333333333333,3073.0,1024.3333333333333,False,0.004131462478248379,0.36,9.523611111111112,0.016666666666666666,9.523611111111112,True,True,True,True,3,A,A,IKEJA BU,1.0,A,IKEJA BU,1.0,A,IKEJA BU,1.0
11-New AlausaINJ-T4-Siyanbola,A,5,21.0,IKEJA BU,972.0,1001.0,,986.5,1973.0,986.5,False,0.0039788685988858055,0.36,7.134444444444445,0.016666666666666666,7.134444444444445,True,True,True,False,2,A,A,IKEJA BU,1.0,A,IKEJA BU,1.0,,,
11-New AlausaINJ-T5-Alausa,A,5,21.0,IKEJA BU,937.0,966.0,986.0,963.0,2889.0,963.0,False,0.0038840856165504615,0.36,8.374722222222223,0.016666666666666666,8.374722222222223,True,True,True,True,3,A,B,IKEJA BU,1.0,B,IKEJA BU,1.0,B,IKEJA BU,1.0
11-New AlausaINJ-T5-Kudirat,A,5,21.0,IKEJA BU,846.0,872.0,890.0,869.3333333333334,2608.0,869.3333333333334,False,0.003506298126674837,5.72,6.993611111111111,0.016666666666666666,6.993611111111111,True,True,True,True,3,A,A,IKEJA BU,1.0,A,IKEJA BU,1.0,A,IKEJA BU,1.0
11-New AlausaINJ-T5-Morrison,A,5,21.0,IKEJA BU,746.0,769.0,,757.5,1515.0,757.5,False,0.0030552386859158615,0.36,8.19888888888889,0.016666666666666666,8.19888888888889,True,True,True,False,2,A,B,IKEJA BU,1.0,B,IKEJA BU,1.0,,,
11-New AlausaINJ-T6- Awolowo,A,5,20.0,IKEJA BU,,,903.0,903.0,903.0,903.0,False,0.003642086512715542,,,,,False,False,False,True,1,,,,,,,,A,IKEJA BU,1.0
11-New AlausaINJ-T6- Ogundana,A,5,20.0,IKEJA BU,,,955.0,955.0,955.0,955.0,False,0.0038518190693724724,,,,,False,False,False,True,1,,,,,,,,A,IKEJA BU,1.0
11-New AlausaINJ-T6-Awolowo,A,5,21.0,IKEJA BU,858.0,884.0,,871.0,1742.0,871.0,False,0.0035130203240035848,5.72,5.173333333333334,0.016666666666666666,5.173333333333334,True,True,True,False,2,A,A,IKEJA BU,1.0,A,IKEJA BU,1.0,,,
11-New AlausaINJ-T6-Ogundana,A,5,21.0,IKEJA BU,908.0,935.0,,921.5,1843.0,921.5,False,0.0037167029030646423,0.36,6.915277777777778,0.016666666666666666,6.915277777777778,True,True,True,False,2,A,A,IKEJA BU,1.0,A,IKEJA BU,1.0,,,
11-ObawoleINJ-T1-Rotimi Williams,A - Bilateral,5,21.0,,,,,,,924.0588235294117,True,0.003727023453081131,6.72,16.67138888888889,0.016666666666666666,16.67138888888889,True,False,False,False,0,A - Bilateral,,,,,,,,,
11-OdogunyanINJ-T2-Centex,A,5,21.0,IKORODU BU,811.0,836.0,853.0,833.3333333333334,2500.0,833.3333333333334,False,0.003361098664373885,0.36,5.352222222222222,0.016666666666666666,5.352222222222222,True,True,True,True,3,A,B,IKORODU BU,1.0,B,IKORODU BU,1.0,B,IKORODU BU,1.0
11-OgbaINJ-T2-Mangoro,A,5,21.0,IKEJA BU,824.0,850.0,867.0,847.0,2541.0,847.0,False,0.003416220682469617,0.36,13.271111111111113,0.016666666666666666,13.271111111111113,True,True,True,True,3,A,B,IKEJA BU,1.0,B,IKEJA BU,1.0,B,IKEJA BU,1.0
11-OguduINJ-T1-CAC,A - Bilateral,5,21.0,SHOMOLU BU,822.0,847.0,865.0,844.6666666666666,2534.0,844.6666666666666,False,0.00340680960620937,0.45,7.801111111111111,0.001388888888888889,7.801111111111111,True,True,True,True,3,A - Bilateral,A - Bilateral,SHOMOLU BU,1.0,A - Bilateral,SHOMOLU BU,1.0,A - Bilateral,SHOMOLU BU,1.0
11-OguduINJ-T1-Express,A - Bilateral,5,21.0,SHOMOLU BU,798.0,822.0,839.0,819.6666666666666,2459.0,819.6666666666666,False,0.0033059766462781534,0.45,7.855833333333333,0.001388888888888889,7.855833333333333,True,True,True,True,3,A - Bilateral,A - Bilateral,SHOMOLU BU,1.0,A - Bilateral,SHOMOLU BU,1.0,A - Bilateral,SHOMOLU BU,1.0
11-OguduINJ-T1-Ogudu,A,5,21.0,SHOMOLU BU,623.0,642.0,655.0,640.0,1920.0,640.0,False,0.0025813237742391437,5.72,10.285277777777777,0.016666666666666666,10.285277777777777,True,True,True,True,3,A,B,SHOMOLU BU,1.0,B,SHOMOLU BU,1.0,B,SHOMOLU BU,1.0
11-OjoduINJ-T2-Express,A - Bilateral,5,21.0,IKEJA BU,816.0,841.0,859.0,838.6666666666666,2516.0,838.6666666666666,False,0.0033826096958258778,5.72,4.520833333333333,0.016666666666666666,4.520833333333333,True,True,True,True,3,A - Bilateral,A - Bilateral,IKEJA BU,1.0,A - Bilateral,IKEJA BU,1.0,A - Bilateral,IKEJA BU,1.0
11-OjoduINJ-T2-River Valley,A - Bilateral,5,21.0,IKEJA BU,848.0,874.0,892.0,871.3333333333334,2614.0,871.3333333333334,False,0.0035143647634693345,5.72,10.0,0.016666666666666666,10.0,True,True,True,True,3,A - Bilateral,A - Bilateral,IKEJA BU,1.0,A - Bilateral,IKEJA BU,1.0,A - Bilateral,IKEJA BU,1.0
11-Oke AfaINJ-T1-LCHE,A,5,20.0,OSHODI BU,613.0,632.0,645.0,630.0,1890.0,630.0,False,0.002540990590266657,,,,,False,True,True,True,3,,A,OSHODI BU,1.0,A,OSHODI BU,1.0,A,OSHODI BU,1.0
11-OloworaINJ-T1-UNILAG,A,5,21.0,SHOMOLU BU,769.0,792.0,809.0,790.0,2370.0,790.0,False,0.003186321533826443,5.72,11.341111111111111,0.016666666666666666,11.341111111111111,True,True,True,True,3,A,A,SHOMOLU BU,1.0,A,SHOMOLU BU,1.0,A,SHOMOLU BU,1.0
11-OworoINJ-T3-GTB,A - Bilateral,5,21.0,,,,,,,924.0588235294117,True,0.003727023453081131,0.45,7.855833333333333,0.001388888888888889,7.855833333333333,True,False,False,False,0,A - Bilateral,,,,,,,,,
11-PTCINJ-T1-Opebi,A,5,21.0,IKEJA BU,826.0,851.0,869.0,848.6666666666666,2546.0,848.6666666666666,False,0.0034229428797983644,5.72,7.781944444444444,0.016666666666666666,7.781944444444444,True,True,True,True,3,A,A,IKEJA BU,1.0,A,IKEJA BU,1.0,A,IKEJA BU,1.0
11-PTCINJ-T2-Awuse,A - Bilateral,5,21.0,IKEJA BU,1048.0,1080.0,1102.0,1076.6666666666667,3230.0,1076.6666666666667,False,0.00434253947437106,0.45,4.3549999999999995,0.001388888888888889,4.3549999999999995,True,True,True,True,3,A - Bilateral,A - Bilateral,IKEJA BU,1.0,A - Bilateral,IKEJA BU,1.0,A - Bilateral,IKEJA BU,1.0
11-PTCINJ-T3-General Hospital,A - Bilateral,5,21.0,IKEJA BU,1001.0,1031.0,1053.0,1028.3333333333333,3085.0,1028.3333333333333,False,0.004147595751837374,0.45,7.569999999999999,0.001388888888888889,7.569999999999999,True,True,True,True,3,A - Bilateral,A - Bilateral,IKEJA BU,1.0,A - Bilateral,IKEJA BU,1.0,A - Bilateral,IKEJA BU,1.0
11-PTCINJ-T3-Oba Akinjobi,A - Bilateral,5,21.0,IKEJA BU,921.0,949.0,969.0,946.3333333333334,2839.0,946.3333333333334,False,0.0038168636432629843,0.45,10.641944444444444,0.001388888888888889,10.641944444444444,True,True,True,True,3,A - Bilateral,A - Bilateral,IKEJA BU,1.0,A - Bilateral,IKEJA BU,1.0,A - Bilateral,IKEJA BU,1.0
11-SecretariatINJ-T1-Estate,A,5,21.0,IKEJA BU,914.0,942.0,961.0,939.0,2817.0,939.0,False,0.003787285975016494,5.72,13.487777777777778,0.016666666666666666,13.487777777777778,True,True,True,True,3,A,A,IKEJA BU,1.0,A,IKEJA BU,1.0,A,IKEJA BU,1.0
11-SecretariatINJ-T1-Omole,A,5,21.0,IKEJA BU,880.0,906.0,925.0,903.6666666666666,2711.0,903.6666666666666,False,0.003644775391647041,5.72,5.8475,0.016666666666666666,5.8475,True,True,True,True,3,A,B,IKEJA BU,1.0,B,IKEJA BU,1.0,B,IKEJA BU,1.0
11-SecretariatINJ-T2- Agidingbi,A,5,20.0,IKEJA BU,,,901.0,901.0,901.0,901.0,False,0.0036340198759210445,,,,,False,False,False,True,1,,,,,,,,A,IKEJA BU,1.0
11-SecretariatINJ-T2-Agidingbi,A,5,21.0,IKEJA BU,856.0,882.0,,869.0,1738.0,869.0,False,0.0035049536872090873,0.36,9.971388888888889,0.016666666666666666,9.971388888888889,True,True,True,False,2,A,A,IKEJA BU,1.0,A,IKEJA BU,1.0,,,
11-SecretariatINJ-T2-UAC,A,5,21.0,IKEJA BU,875.0,901.0,920.0,898.6666666666666,2696.0,898.6666666666666,False,0.0036246087996607977,5.72,3.9058333333333333,0.016666666666666666,3.9058333333333333,True,True,True,True,3,A,B,IKEJA BU,1.0,B,IKEJA BU,1.0,B,IKEJA BU,1.0
11-ShashaINJ-T1-Coker Estate,A - Bilateral,5,21.0,,,,,,,924.0588235294117,True,0.003727023453081131,0.45,7.855833333333333,0.001388888888888889,7.855833333333333,True,False,False,False,0,A - Bilateral,,,,,,,,,
11-ShashaINJ-T1-NAF,A,5,21.0,,,,,,,854.1858974358973,True,0.0034452036947985637,0.36,8.139999999999999,0.016666666666666666,8.139999999999999,True,False,False,False,0,A,,,,,,,,,
132-EgbinTCN-MARYLAND-LANDCRAFT,A,5,21.0,,,,,,,854.1858974358973,True,0.0034452036947985637,0.25,5.501944444444445,0.016666666666666666,5.501944444444445,True,False,False,False,0,A,,,,,,,,,
132-EgbinTCN-MARYLAND-OMNIK,A,5,21.0,,,,,,,854.1858974358973,True,0.0034452036947985637,0.25,8.815277777777778,0.016666666666666666,8.815277777777778,True,False,False,False,0,A,,,,,,,,,
132-EgbinTCN-SAGAMU-TOPSTEEL,A,5,21.0,,,,,,,854.1858974358973,True,0.0034452036947985637,0.25,7.230833333333334,0.016666666666666666,7.230833333333334,True,False,False,False,0,A,,,,,,,,,
33-AlausaTCN-ALAUSA,A,5,21.0,,,,,,,854.1858974358973,True,0.0034452036947985637,0.25,7.874166666666667,0.016666666666666666,7.874166666666667,True,False,False,False,0,A,,,,,,,,,
33-AlausaTCN-MAGODO,A,5,21.0,,,,,,,854.1858974358973,True,0.0034452036947985637,0.25,11.29111111111111,0.016666666666666666,11.29111111111111,True,False,False,False,0,A,,,,,,,,,
33-AlausaTCN-OJODU,A,5,21.0,,,,,,,854.1858974358973,True,0.0034452036947985637,0.25,9.444722222222222,0.016666666666666666,9.444722222222222,True,False,False,False,0,A,,,,,,,,,
33-AlausaTCN-OPEBI,A,5,21.0,,,,,,,854.1858974358973,True,0.0034452036947985637,0.25,10.478055555555555,0.016666666666666666,10.478055555555555,True,False,False,False,0,A,,,,,,,,,
33-AlausaTCN-OPIC,A,5,21.0,SHOMOLU BU,782.0,806.0,823.0,803.6666666666666,2411.0,803.6666666666666,False,0.0032414435519221747,1.69,7.075833333333333,0.016666666666666666,7.075833333333333,True,True,True,True,3,A,A,SHOMOLU BU,1.0,A,SHOMOLU BU,1.0,A,SHOMOLU BU,1.0
33-AlimoshoTCN-ADIYAN,A,5,21.0,,,,,,,854.1858974358973,True,0.0034452036947985637,0.25,29.302500000000002,0.016666666666666666,29.302500000000002,True,False,False,False,0,A,,,,,,,,,
33-AlimoshoTCN-AGEGE,A,5,21.0,AKOWONJO BU,362.0,373.0,381.0,372.0,1116.0,372.0,False,0.0015003944437765023,0.25,10.0,0.016666666666666666,10.0,True,True,True,True,3,A,A,AKOWONJO BU,1.0,A,AKOWONJO BU,1.0,A,AKOWONJO BU,1.0
33-AlimoshoTCN-TOWER IPAJA,A,5,21.0,,,,,,,854.1858974358973,True,0.0034452036947985637,1.69,6.382499999999999,0.016666666666666666,6.382499999999999,True,False,False,False,0,A,,,,,,,,,
33-AmuwoTCN-AMUKOKO,A,5,21.0,,,,,,,854.1858974358973,True,0.0034452036947985637,0.25,6.589722222222222,0.016666666666666666,6.589722222222222,True,False,False,False,0,A,,,,,,,,,
33-AmuwoTCN-FESTAC 1,A,5,21.0,,,,,,,854.1858974358973,True,0.0034452036947985637,0.25,9.397222222222222,0.016666666666666666,9.397222222222222,True,False,False,False,0,A,,,,,,,,,
33-AmuwoTCN-HONGXING 1,A,5,21.0,,,,,,,854.1858974358973,True,0.0034452036947985637,0.25,9.878333333333334,0.016666666666666666,9.878333333333334,True,False,False,False,0,A,,,,,,,,,
33-AmuwoTCN-HONGXING 2,A,5,21.0,,,,,,,854.1858974358973,True,0.0034452036947985637,0.25,6.25,0.016666666666666666,6.25,True,False,False,False,0,A,,,,,,,,,
33-AyoboTCN-ABESAN,A,5,21.0,,,,,,,854.1858974358973,True,0.0034452036947985637,1.69,7.009166666666666,0.016666666666666666,7.009166666666666,True,False,False,False,0,A,,,,,,,,,
33-AyoboTCN-AIYETORO,A,5,21.0,,,,,,,854.1858974358973,True,0.0034452036947985637,1.69,6.008611111111111,0.016666666666666666,6.008611111111111,True,False,False,False,0,A,,,,,,,,,
33-EjigboTCN-AIRPORT,A,5,21.0,,,,,,,854.1858974358973,True,0.0034452036947985637,0.25,7.219444444444445,0.016666666666666666,7.219444444444445,True,False,False,False,0,A,,,,,,,,,
33-EjigboTCN-EGBE,A,5,21.0,OSHODI BU,770.0,793.0,810.0,791.0,2373.0,791.0,False,0.0031903548522236916,1.69,7.2275,0.016666666666666666,7.2275,True,True,True,True,3,A,A,OSHODI BU,1.0,A,OSHODI BU,1.0,A,OSHODI BU,1.0
33-EjigboTCN-OKE AFA 2,A,5,20.0,OSHODI BU,607.0,626.0,639.0,624.0,1872.0,624.0,False,0.002516790679883165,,,,,False,True,True,True,3,,A,OSHODI BU,1.0,A,OSHODI BU,1.0,A,OSHODI BU,1.0
33-EjigboTCN-OKEAFA 1,A,5,21.0,,,,,,,854.1858974358973,True,0.0034452036947985637,0.25,9.597222222222223,0.016666666666666666,9.597222222222223,True,False,False,False,0,A,,,,,,,,,
33-EjigboTCN-OKEAFA 2,A,5,21.0,,,,,,,854.1858974358973,True,0.0034452036947985637,0.25,9.89111111111111,0.016666666666666666,9.89111111111111,True,False,False,False,0,A,,,,,,,,,
33-EjigboTCN-SHASHA,A,5,21.0,,,,,,,854.1858974358973,True,0.0034452036947985637,0.25,7.2588888888888885,0.016666666666666666,7.2588888888888885,True,False,False,False,0,A,,,,,,,,,
33-IkoroduTCN-DANGOTE,A,5,21.0,,,,,,,854.1858974358973,True,0.0034452036947985637,0.25,6.015,0.016666666666666666,6.015,True,False,False,False,0,A,,,,,,,,,
33-IkoroduTCN-IGBOGBO,A,5,21.0,,,,,,,854.1858974358973,True,0.0034452036947985637,0.25,5.091666666666667,0.016666666666666666,5.091666666666667,True,False,False,False,0,A,,,,,,,,,
33-IkoroduTCN-INDUSTRIAL,A,5,21.0,,,,,,,854.1858974358973,True,0.0034452036947985637,0.25,8.428055555555554,0.016666666666666666,8.428055555555554,True,False,False,False,0,A,,,,,,,,,
33-IkoroduTCN-PULKIT,A,5,21.0,,,,,,,854.1858974358973,True,0.0034452036947985637,0.25,7.481111111111111,0.016666666666666666,7.481111111111111,True,False,False,False,0,A,,,,,,,,,
33-IkoroduTCN-SPINTEX,A,5,21.0,,,,,,,854.1858974358973,True,0.0034452036947985637,0.25,6.915,0.016666666666666666,6.915,True,False,False,False,0,A,,,,,,,,,
33-IkoroduTCN-UNTL,A,5,21.0,,,,,,,854.1858974358973,True,0.0034452036947985637,0.25,5.45,0.016666666666666666,5.45,True,False,False,False,0,A,,,,,,,,,
33-IlupejuTCN-ILUPEJU BY-PASS,A,5,21.0,,,,,,,854.1858974358973,True,0.0034452036947985637,0.25,7.646111111111111,0.016666666666666666,7.646111111111111,True,False,False,False,0,A,,,,,,,,,
33-IlupejuTCN-ILUPEJU IGBOBI,A,5,21.0,,,,,,,854.1858974358973,True,0.0034452036947985637,0.25,10.359722222222222,0.016666666666666666,10.359722222222222,True,False,False,False,0,A,,,,,,,,,
33-IsoloTCN-AFPRINT,A,5,21.0,,,,,,,854.1858974358973,True,0.0034452036947985637,0.25,7.7411111111111115,0.016666666666666666,7.7411111111111115,True,False,False,False,0,A,,,,,,,,,
33-IsoloTCN-AJAO,A,5,21.0,,,,,,,854.1858974358973,True,0.0034452036947985637,0.25,6.172777777777778,0.016666666666666666,6.172777777777778,True,False,False,False,0,A,,,,,,,,,
33-IsoloTCN-ASWANI,A,5,21.0,,,,,,,854.1858974358973,True,0.0034452036947985637,0.25,9.635833333333332,0.016666666666666666,9.635833333333332,True,False,False,False,0,A,,,,,,,,,
33-IsoloTCN-PTC INTERFACE,A,5,21.0,,,,,,,854.1858974358973,True,0.0034452036947985637,0.25,4.545555555555556,0.016666666666666666,4.545555555555556,True,False,False,False,0,A,,,,,,,,,
33-ItireTCN-AGO I,A,5,21.0,OSHODI BU,762.0,786.0,802.0,783.3333333333334,2350.0,783.3333333333334,False,0.0031594327445114523,1.69,16.183888888888887,0.016666666666666666,16.183888888888887,True,True,True,True,3,A,B,OSHODI BU,1.0,B,OSHODI BU,1.0,B,OSHODI BU,1.0
33-ItireTCN-AGO II,A,5,21.0,,,,,,,854.1858974358973,True,0.0034452036947985637,0.25,8.743611111111111,0.016666666666666666,8.743611111111111,True,False,False,False,0,A,,,,,,,,,
33-MarylandTCN-M/ALAUSA,A,5,21.0,,,,,,,854.1858974358973,True,0.0034452036947985637,0.25,11.223055555555556,0.016666666666666666,11.223055555555556,True,False,False,False,0,A,,,,,,,,,
33-MarylandTCN-PTC,A,5,21.0,,,,,,,854.1858974358973,True,0.0034452036947985637,0.25,9.756666666666666,0.016666666666666666,9.756666666666666,True,False,False,False,0,A,,,,,,,,,
33-OdogunyanTCN-Chiki Chiki,A,5,21.0,,,,,,,854.1858974358973,True,0.0034452036947985637,0.25,5.689722222222223,0.016666666666666666,5.689722222222223,True,False,False,False,0,A,,,,,,,,,
33-OdogunyanTCN-MEGA STEEL,A,5,21.0,,,,,,,854.1858974358973,True,0.0034452036947985637,0.25,4.921666666666667,0.016666666666666666,4.921666666666667,True,False,False,False,0,A,,,,,,,,,
33-OdogunyanTCN-ODOGUNYAN,A,5,21.0,,,,,,,854.1858974358973,True,0.0034452036947985637,0.25,4.89,0.016666666666666666,4.89,True,False,False,False,0,A,,,,,,,,,
33-OgbaTCN-CISCO,A,5,21.0,,,,,,,854.1858974358973,True,0.0034452036947985637,0.25,5.653333333333333,0.016666666666666666,5.653333333333333,True,False,False,False,0,A,,,,,,,,,
33-OgbaTCN-IJU WATER WORKS,A,5,21.0,,,,,,,854.1858974358973,True,0.0034452036947985637,0.25,10.0,0.016666666666666666,10.0,True,False,False,False,0,A,,,,,,,,,
33-OgbaTCN-PTC DUNLOP,A,5,21.0,,,,,,,854.1858974358973,True,0.0034452036947985637,0.25,10.0,0.016666666666666666,10.0,True,False,False,False,0,A,,,,,,,,,
33-OgbaTCN-PTC EXP.,A,5,21.0,,,,,,,854.1858974358973,True,0.0034452036947985637,0.25,18.031666666666666,0.016666666666666666,18.031666666666666,True,False,False,False,0,A,,,,,,,,,
33-OgbaTCN-SANKYO,A,5,21.0,,,,,,,854.1858974358973,True,0.0034452036947985637,0.25,7.7525,0.016666666666666666,7.7525,True,False,False,False,0,A,,,,,,,,,
33-OgbaTCN-UNIVERSAL STEEL,A,5,21.0,,,,,,,854.1858974358973,True,0.0034452036947985637,0.25,8.912222222222223,0.016666666666666666,8.912222222222223,True,False,False,False,0,A,,,,,,,,,
33-Oke-AroTCN-LAMBE,A,5,21.0,,,,,,,854.1858974358973,True,0.0034452036947985637,0.25,17.535555555555558,0.016666666666666666,17.535555555555558,True,False,False,False,0,A,,,,,,,,,
33-Oke-AroTCN-NEW IJU W/WORKS,A,5,21.0,,,,,,,854.1858974358973,True,0.0034452036947985637,0.25,7.771944444444444,0.016666666666666666,7.771944444444444,True,False,False,False,0,A,,,,,,,,,
33-Oke-AroTCN-YIDI,A,5,21.0,,,,,,,854.1858974358973,True,0.0034452036947985637,0.25,14.393333333333333,0.016666666666666666,14.393333333333333,True,False,False,False,0,A,,,,,,,,,
33-OtaTCN-AMJE,A,5,21.0,ABULE-EGBA BU,618.0,636.0,650.0,634.6666666666666,1904.0,634.6666666666666,False,0.0025598127427871506,1.69,10.236388888888888,0.016666666666666666,10.236388888888888,True,True,True,True,3,A,C,ABULE-EGBA BU,1.0,C,ABULE-EGBA BU,1.0,C,ABULE-EGBA BU,1.0
33-OworonshokiTCN-CHEVRON,A,5,21.0,,,,,,,854.1858974358973,True,0.0034452036947985637,0.25,5.0377777777777775,0.016666666666666666,5.0377777777777775,True,False,False,False,0,A,,,,,,,,,
33-OworonshokiTCN-IGBOBI,A,5,21.0,,,,,,,854.1858974358973,True,0.0034452036947985637,0.25,6.131944444444444,0.016666666666666666,6.131944444444444,True,False,False,False,0,A,,,,,,,,,
33-OworonshokiTCN-OGUDU 1,A,5,21.0,,,,,,,854.1858974358973,True,0.0034452036947985637,0.25,7.755833333333333,0.016666666666666666,7.755833333333333,True,False,False,False,0,A,,,,,,,,,
11-Abule TaylorINJ-T1-Bode Williams,B,4,17.0,AKOWONJO BU,372.0,383.0,391.0,382.0,1146.0,382.0,False,0.0015407276277489888,6.72,7.557777777777778,0.016666666666666666,7.557777777777778,True,True,True,True,3,B,D,AKOWONJO BU,1.0,D,AKOWONJO BU,1.0,D,AKOWONJO BU,1.0
11-Adeniyi JonesINJ-T1- Anifowoshe,B,4,16.0,IKEJA BU,,,846.0,846.0,846.0,846.0,False,0.0034121873640723683,,,,,False,False,False,True,1,,,,,,,,B,IKEJA BU,1.0
11-Adeniyi JonesINJ-T1-Ajao,B,4,17.0,IKEJA BU,902.0,929.0,949.0,926.6666666666666,2780.0,926.6666666666666,False,0.00373754171478376,5.72,5.671666666666667,0.016666666666666666,5.671666666666667,True,True,True,True,3,B,B,IKEJA BU,1.0,B,IKEJA BU,1.0,B,IKEJA BU,1.0
11-Adeniyi JonesINJ-T1-Anifowoshe,B,4,17.0,IKEJA BU,804.0,828.0,,816.0,1632.0,816.0,False,0.0032911878121549085,5.72,3.9058333333333333,0.016666666666666666,3.9058333333333333,True,True,True,False,2,B,B,IKEJA BU,1.0,B,IKEJA BU,1.0,,,
11-AgegeINJ-T3-Oyemekun,B,4,17.0,IKEJA BU,527.0,543.0,554.0,541.3333333333334,1624.0,541.3333333333334,False,0.002183369692377276,6.72,2.64,0.016666666666666666,2.64,True,True,True,True,3,B,C,IKEJA BU,1.0,C,IKEJA BU,1.0,C,IKEJA BU,1.0
11-AjaoINJ-T1-Airport Road,B,4,17.0,OSHODI BU,779.0,802.0,819.0,800.0,2400.0,800.0,False,0.00322665471779893,5.72,10.868333333333334,0.016666666666666666,10.868333333333334,True,True,True,True,3,B,B,OSHODI BU,1.0,B,OSHODI BU,1.0,B,OSHODI BU,1.0
11-AjegunleINJ-T1-Thomas Olaniyan,B,4,17.0,IKORODU BU,458.0,472.0,482.0,470.6666666666667,1412.0,470.6666666666667,False,0.0018983485256383703,5.72,6.121388888888888,0.016666666666666666,6.121388888888888,True,True,True,True,3,B,B,IKORODU BU,1.0,B,IKORODU BU,1.0,B,IKORODU BU,1.0
11-AkokaINJ-T1-Akoka,B,4,16.0,SHOMOLU BU,761.0,784.0,800.0,781.6666666666666,2345.0,781.6666666666666,False,0.003152710547182704,,,,,False,True,True,True,3,,B,SHOMOLU BU,1.0,B,SHOMOLU BU,1.0,B,SHOMOLU BU,1.0
11-AkokaINJ-T3-Akoka,B,4,17.0,,,,,,,705.793427230047,True,0.0028466896147041334,5.72,4.240277777777778,0.016666666666666666,4.240277777777778,True,False,False,False,0,B,,,,,,,,,
11-AkokaINJ-T3-Community,B,4,17.0,,,,,,,705.793427230047,True,0.0028466896147041334,5.72,5.567777777777778,0.016666666666666666,5.567777777777778,True,False,False,False,0,B,,,,,,,,,
11-AlajaINJ-T1-Koloba,B,4,17.0,,,,,,,705.793427230047,True,0.0028466896147041334,6.72,16.67138888888889,0.016666666666666666,16.67138888888889,True,False,False,False,0,B,,,,,,,,,
11-AlapereINJ-T1-Araba,B,4,17.0,SHOMOLU BU,531.0,547.0,558.0,545.3333333333334,1636.0,545.3333333333334,False,0.0021995029659662704,6.72,5.960833333333333,0.016666666666666666,5.960833333333333,True,True,True,True,3,B,B,SHOMOLU BU,1.0,B,SHOMOLU BU,1.0,B,SHOMOLU BU,1.0
11-AlapereINJ-T1-Bakare,B,4,17.0,SHOMOLU BU,535.0,551.0,562.0,549.3333333333334,1648.0,549.3333333333334,False,0.0022156362395552654,5.72,3.9058333333333333,0.016666666666666666,3.9058333333333333,True,True,True,True,3,B,B,SHOMOLU BU,1.0,B,SHOMOLU BU,1.0,B,SHOMOLU BU,1.0
11-AlimoshoINJ-T4-FHA,B,4,17.0,AKOWONJO BU,478.0,493.0,503.0,491.3333333333333,1474.0,491.3333333333333,False,0.0019817037725148425,5.72,8.292777777777777,0.016666666666666666,8.292777777777777,True,True,True,True,3,B,B,AKOWONJO BU,1.0,B,AKOWONJO BU,1.0,B,AKOWONJO BU,1.0
11-AlimoshoINJ-T8-Wole Omo Osho,B,4,17.0,AKOWONJO BU,466.0,480.0,490.0,478.6666666666667,1436.0,478.6666666666667,False,0.0019306150728163596,6.72,6.403611111111111,0.016666666666666666,6.403611111111111,True,True,True,True,3,B,B,AKOWONJO BU,1.0,B,AKOWONJO BU,1.0,B,AKOWONJO BU,1.0
11-AmikanleINJ-T1-Ige,B,4,17.0,AKOWONJO BU,368.0,379.0,387.0,378.0,1134.0,378.0,False,0.0015245943541599943,6.72,16.67138888888889,0.016666666666666666,16.67138888888889,True,True,True,True,3,B,D,AKOWONJO BU,1.0,D,AKOWONJO BU,1.0,D,AKOWONJO BU,1.0
11-AmikanleINJ-T1-Isoto,B,4,17.0,AKOWONJO BU,278.0,287.0,293.0,286.0,858.0,286.0,False,0.0011535290616131173,6.72,10.536111111111111,0.016666666666666666,10.536111111111111,True,True,True,True,3,B,D,AKOWONJO BU,1.0,D,AKOWONJO BU,1.0,D,AKOWONJO BU,1.0
11-BolorunpeluINJ-T3- Governor,B,4,16.0,ABULE-EGBA BU;OSHODI BU,,,983.0,983.0,983.0,983.0,False,0.003964751984495435,,,,,False,False,False,True,1,,,,,,,,B,ABULE-EGBA BU;OSHODI BU,2.0
11-BolorunpeluINJ-T3-Governor,B,4,17.0,ABULE-EGBA BU;OSHODI BU,935.0,963.0,,949.0,1898.0,949.0,False,0.0038276191589889804,5.72,4.534166666666667,0.016666666666666666,4.534166666666667,True,True,True,False,2,B,B,ABULE-EGBA BU;OSHODI BU,2.0,B,ABULE-EGBA BU;OSHODI BU,2.0,,,
11-IgbobiINJ-T1-Apata,B,4,17.0,SHOMOLU BU,683.0,704.0,718.0,701.6666666666666,2105.0,701.6666666666666,False,0.002830045075402811,6.72,10.0,0.016666666666666666,10.0,True,True,True,True,3,B,B,SHOMOLU BU,1.0,B,SHOMOLU BU,1.0,B,SHOMOLU BU,1.0
11-IgbobiINJ-T2-Market,B,4,17.0,SHOMOLU BU,633.0,652.0,665.0,650.0,1950.0,650.0,False,0.0026216569582116303,5.72,8.823055555555555,0.016666666666666666,8.823055555555555,True,True,True,True,3,B,B,SHOMOLU BU,1.0,B,SHOMOLU BU,1.0,B,SHOMOLU BU,1.0
11-IgbobiINJ-T3-Ikorodu,B,4,17.0,SHOMOLU BU,404.0,416.0,425.0,415.0,1245.0,415.0,False,0.0016738271348581948,6.72,10.0,0.016666666666666666,10.0,True,True,True,True,3,B,C,SHOMOLU BU,1.0,C,SHOMOLU BU,1.0,C,SHOMOLU BU,1.0
11-IgbobiINJ-T3-Mushin,B,4,17.0,SHOMOLU BU,392.0,404.0,412.0,402.6666666666667,1208.0,402.6666666666667,False,0.0016240828746254615,6.72,7.765555555555555,0.016666666666666666,7.765555555555555,True,True,True,True,3,B,C,SHOMOLU BU,1.0,C,SHOMOLU BU,1.0,C,SHOMOLU BU,1.0
11-IjuINJ-T1-Ajuwon,B,4,17.0,ABULE-EGBA BU,512.0,527.0,538.0,525.6666666666666,1577.0,525.6666666666666,False,0.0021201810374870465,5.72,9.92861111111111,0.016666666666666666,9.92861111111111,True,True,True,True,3,B,A,ABULE-EGBA BU,1.0,A,ABULE-EGBA BU,1.0,A,ABULE-EGBA BU,1.0
11-IjuINJ-T1-Galilee,B,4,17.0,ABULE-EGBA BU,519.0,535.0,546.0,533.3333333333334,1600.0,533.3333333333334,False,0.0021511031451992868,5.72,8.962499999999999,0.016666666666666666,8.962499999999999,True,True,True,True,3,B,B,ABULE-EGBA BU,1.0,B,ABULE-EGBA BU,1.0,B,ABULE-EGBA BU,1.0
11-IsheriINJ-T1-Bankole,B,4,17.0,SHOMOLU BU,750.0,773.0,789.0,770.6666666666666,2312.0,770.6666666666666,False,0.0031083440448129687,5.72,8.595833333333333,0.016666666666666666,8.595833333333333,True,True,True,True,3,B,B,SHOMOLU BU,1.0,B,SHOMOLU BU,1.0,B,SHOMOLU BU,1.0
11-IsheriINJ-T1-Isheri,B,4,17.0,SHOMOLU BU,750.0,772.0,789.0,770.3333333333334,2311.0,770.3333333333334,False,0.0031069996053472194,5.72,11.500555555555556,0.016666666666666666,11.500555555555556,True,True,True,True,3,B,B,SHOMOLU BU,1.0,B,SHOMOLU BU,1.0,B,SHOMOLU BU,1.0
11-MarylandINJ-T1-Ketu,B,4,17.0,SHOMOLU BU,543.0,560.0,571.0,558.0,1674.0,558.0,False,0.0022505916656647535,5.72,6.405833333333334,0.016666666666666666,6.405833333333334,True,True,True,True,3,B,B,SHOMOLU BU,1.0,B,SHOMOLU BU,1.0,B,SHOMOLU BU,1.0
11-MongoroINJ-T1-New Dopemu,B,4,17.0,AKOWONJO BU,484.0,499.0,509.0,497.3333333333333,1492.0,497.3333333333333,False,0.0020059036828983345,6.72,10.447222222222223,0.016666666666666666,10.447222222222223,True,True,True,True,3,B,B,AKOWONJO BU,1.0,B,AKOWONJO BU,1.0,B,AKOWONJO BU,1.0
11-New AlausaINJ-T5- Morrison,B,4,16.0,IKEJA BU,,,785.0,785.0,785.0,785.0,False,0.0031661549418401996,,,,,False,False,False,True,1,,,,,,,,B,IKEJA BU,1.0
11-New GowonINJ-T1- Olorunadaba,B,4,16.0,AKOWONJO BU,,,559.0,559.0,559.0,559.0,False,0.0022546249840620022,,,,,False,False,False,True,1,,,,,,,,B,AKOWONJO BU,1.0
11-New GowonINJ-T1-Olorunadaba,B,4,17.0,AKOWONJO BU,531.0,547.0,,539.0,1078.0,539.0,False,0.002173958616117029,5.72,8.269444444444446,0.016666666666666666,8.269444444444446,True,True,True,False,2,B,B,AKOWONJO BU,1.0,B,AKOWONJO BU,1.0,,,
11-ObawoleINJ-T1- Youdeowei,B,4,16.0,ABULE-EGBA BU,,,474.0,474.0,474.0,474.0,False,0.0019117929202958658,,,,,False,False,False,True,1,,,,,,,,B,ABULE-EGBA BU,1.0
11-ObawoleINJ-T1-Anthony Youdeowei,B,4,16.0,ABULE-EGBA BU,456.0,470.0,479.0,468.3333333333333,1405.0,468.3333333333333,False,0.0018889374493781233,,,,,False,True,True,True,3,,B,ABULE-EGBA BU,1.0,B,ABULE-EGBA BU,1.0,B,ABULE-EGBA BU,1.0
11-ObawoleINJ-T1-Shonubi,B,4,17.0,ABULE-EGBA BU,490.0,504.0,515.0,503.0,1509.0,503.0,False,0.0020287591538160773,5.72,10.0,0.016666666666666666,10.0,True,True,True,True,3,B,B,ABULE-EGBA BU,1.0,B,ABULE-EGBA BU,1.0,B,ABULE-EGBA BU,1.0
11-ObawoleINJ-T1-Youdeowei,B,4,17.0,ABULE-EGBA BU,450.0,464.0,,457.0,914.0,457.0,False,0.0018432265075426387,5.72,3.9058333333333333,0.016666666666666666,3.9058333333333333,True,True,True,False,2,B,B,ABULE-EGBA BU,1.0,B,ABULE-EGBA BU,1.0,,,
11-OdogunyanINJ-T1-Agodo,B,4,17.0,IKORODU BU;OSHODI BU,791.0,814.0,832.0,812.3333333333334,2437.0,812.3333333333334,False,0.0032763989780316633,5.72,73.58333333333333,0.016666666666666666,73.58333333333333,True,True,True,True,3,B,B,IKORODU BU;OSHODI BU,2.0,B,IKORODU BU;OSHODI BU,2.0,B,IKORODU BU;OSHODI BU,2.0
11-OgbaINJ-T1-Ijaye,B,4,17.0,IKEJA BU,829.0,854.0,872.0,851.6666666666666,2555.0,851.6666666666666,False,0.0034350428349901106,5.72,6.4,0.016666666666666666,6.4,True,True,True,True,3,B,B,IKEJA BU,1.0,B,IKEJA BU,1.0,B,IKEJA BU,1.0
11-OgbaINJ-T2-Ifako,B,4,17.0,IKEJA BU,847.0,873.0,891.0,870.3333333333334,2611.0,870.3333333333334,False,0.0035103314450720857,5.72,9.120833333333334,0.016666666666666666,9.120833333333334,True,True,True,True,3,B,C,IKEJA BU,1.0,C,IKEJA BU,1.0,C,IKEJA BU,1.0
11-OgbaINJ-T3-Oba Akran,B,4,17.0,IKEJA BU,975.0,1004.0,1025.0,1001.3333333333334,3004.0,1001.3333333333334,False,0.00403869615511166,5.72,6.484166666666667,0.016666666666666666,6.484166666666667,True,True,True,True,3,B,B,IKEJA BU,1.0,B,IKEJA BU,1.0,B,IKEJA BU,1.0
11-OguduINJ-T2-Alapere,B,4,17.0,SHOMOLU BU,534.0,550.0,561.0,548.3333333333334,1645.0,548.3333333333334,False,0.0022116029211580166,5.72,9.284444444444444,0.016666666666666666,9.284444444444444,True,True,True,True,3,B,B,SHOMOLU BU,1.0,B,SHOMOLU BU,1.0,B,SHOMOLU BU,1.0
11-OguduINJ-T3-Kola Adeshina,B,4,17.0,SHOMOLU BU,540.0,556.0,568.0,554.6666666666666,1664.0,554.6666666666666,False,0.002237147271007258,5.72,4.721111111111111,0.016666666666666666,4.721111111111111,True,True,True,True,3,B,B,SHOMOLU BU,1.0,B,SHOMOLU BU,1.0,B,SHOMOLU BU,1.0
11-OguduINJ-T3-Soluyi,B,4,17.0,SHOMOLU BU,779.0,803.0,819.0,800.3333333333334,2401.0,800.3333333333334,False,0.0032279991572646796,5.72,4.219166666666667,0.016666666666666666,4.219166666666667,True,True,True,True,3,B,A,SHOMOLU BU,1.0,A,SHOMOLU BU,1.0,A,SHOMOLU BU,1.0
11-OjoduINJ-T1-Ojodu,B,4,17.0,IKEJA BU,791.0,815.0,833.0,813.0,2439.0,813.0,False,0.0032790878569631623,5.72,3.6425,0.016666666666666666,3.6425,True,True,True,True,3,B,B,IKEJA BU,1.0,B,IKEJA BU,1.0,B,IKEJA BU,1.0
11-OjoduINJ-T2-Yakoyo,B,4,17.0,IKEJA BU,672.0,692.0,707.0,690.3333333333334,2071.0,690.3333333333334,False,0.0027843341335673268,5.72,7.753611111111111,0.016666666666666666,7.753611111111111,True,True,True,True,3,B,C,IKEJA BU,1.0,C,IKEJA BU,1.0,C,IKEJA BU,1.0
11-Oke AfaINJ-T2-LCHE,B,4,17.0,,,,,,,705.793427230047,True,0.0028466896147041334,5.72,7.038611111111111,0.016666666666666666,7.038611111111111,True,False,False,False,0,B,,,,,,,,,
11-Oke AfaINJ-T2-Osolo,B,4,17.0,OSHODI BU,529.0,545.0,556.0,543.3333333333334,1630.0,543.3333333333334,False,0.0021914363291717733,5.72,10.466388888888888,0.016666666666666666,10.466388888888888,True,True,True,True,3,B,B,OSHODI BU,1.0,B,OSHODI BU,1.0,B,OSHODI BU,1.0
11-Oke IraINJ-T1-Nob Oluwa,B,4,17.0,IKEJA BU,679.0,700.0,715.0,698.0,2094.0,698.0,False,0.002815256241279566,5.72,8.51,0.016666666666666666,8.51,True,True,True,True,3,B,B,IKEJA BU,1.0,B,IKEJA BU,1.0,B,IKEJA BU,1.0
11-Oke IraINJ-T1-Oke Ira,B,4,17.0,IKEJA BU,687.0,708.0,723.0,706.0,2118.0,706.0,False,0.0028475227884575557,5.72,6.086944444444444,0.016666666666666666,6.086944444444444,True,True,True,True,3,B,B,IKEJA BU,1.0,B,IKEJA BU,1.0,B,IKEJA BU,1.0
11-Oke IraINJ-T2-Abiodun Jagun,B,4,17.0,IKEJA BU,740.0,762.0,779.0,760.3333333333334,2281.0,760.3333333333334,False,0.003066666421374733,6.72,5.420277777777778,0.016666666666666666,5.420277777777778,True,True,True,True,3,B,B,IKEJA BU,1.0,B,IKEJA BU,1.0,B,IKEJA BU,1.0
11-Oke IraINJ-T2-Kayode,B,4,17.0,IKEJA BU,831.0,856.0,874.0,853.6666666666666,2561.0,853.6666666666666,False,0.0034431094717846077,5.72,6.348055555555555,0.016666666666666666,6.348055555555555,True,True,True,True,3,B,B,IKEJA BU,1.0,B,IKEJA BU,1.0,B,IKEJA BU,1.0
11-Oke IraINJ-T2-Thomas Salako,B,4,17.0,IKEJA BU,714.0,736.0,751.0,733.6666666666666,2201.0,733.6666666666666,False,0.002959111264114768,5.72,5.294722222222222,0.016666666666666666,5.294722222222222,True,True,True,True,3,B,B,IKEJA BU,1.0,B,IKEJA BU,1.0,B,IKEJA BU,1.0
11-OloworaINJ-T1-Orisha,B,4,17.0,SHOMOLU BU,796.0,821.0,838.0,818.3333333333334,2455.0,818.3333333333334,False,0.0033005988884151553,5.72,9.40638888888889,0.016666666666666666,9.40638888888889,True,True,True,True,3,B,B,SHOMOLU BU,1.0,B,SHOMOLU BU,1.0,B,SHOMOLU BU,1.0
11-OpebiINJ-T1-Agbaoku,B,4,17.0,IKEJA BU,859.0,886.0,904.0,883.0,2649.0,883.0,False,0.003561420144770569,5.72,7.7411111111111115,0.016666666666666666,7.7411111111111115,True,True,True,True,3,B,B,IKEJA BU,1.0,B,IKEJA BU,1.0,B,IKEJA BU,1.0
11-OpebiINJ-T1-Olusosun,B,4,17.0,IKEJA BU,834.0,859.0,877.0,856.6666666666666,2570.0,856.6666666666666,False,0.003455209426976354,5.72,4.456944444444445,0.016666666666666666,4.456944444444445,True,True,True,True,3,B,B,IKEJA BU,1.0,B,IKEJA BU,1.0,B,IKEJA BU,1.0
11-OpebiINJ-T1-Salvation,B,4,17.0,IKEJA BU,894.0,921.0,941.0,918.6666666666666,2756.0,918.6666666666666,False,0.003705275167605771,5.72,5.960277777777778,0.016666666666666666,5.960277777777778,True,True,True,True,3,B,B,IKEJA BU,1.0,B,IKEJA BU,1.0,B,IKEJA BU,1.0
11-OworoINJ-T1-Anthony,B,4,17.0,SHOMOLU BU,835.0,861.0,879.0,858.3333333333334,2575.0,858.3333333333334,False,0.0034619316243051017,5.72,11.17611111111111,0.016666666666666666,11.17611111111111,True,True,True,True,3,B,A,SHOMOLU BU,1.0,A,SHOMOLU BU,1.0,A,SHOMOLU BU,1.0
11-OworoINJ-T1-Hospital,B,4,17.0,SHOMOLU BU,798.0,822.0,839.0,819.6666666666666,2459.0,819.6666666666666,False,0.0033059766462781534,5.72,6.34,0.016666666666666666,6.34,True,True,True,True,3,B,B,SHOMOLU BU,1.0,B,SHOMOLU BU,1.0,B,SHOMOLU BU,1.0
11-OworoINJ-T1-Ifako,B,4,17.0,SHOMOLU BU,541.0,557.0,569.0,555.6666666666666,1667.0,555.6666666666666,False,0.0022411805894045063,5.72,5.637777777777777,0.016666666666666666,5.637777777777777,True,True,True,True,3,B,C,SHOMOLU BU,1.0,C,SHOMOLU BU,1.0,C,SHOMOLU BU,1.0
11-OworoINJ-T2-Ladilac,B,4,17.0,SHOMOLU BU,515.0,531.0,542.0,529.3333333333334,1588.0,529.3333333333334,False,0.002134969871610292,6.72,8.67361111111111,0.016666666666666666,8.67361111111111,True,True,True,True,3,B,C,SHOMOLU BU,1.0,C,SHOMOLU BU,1.0,C,SHOMOLU BU,1.0
11-OworoINJ-T2-Oworo,B,4,17.0,SHOMOLU BU,522.0,538.0,549.0,536.3333333333334,1609.0,536.3333333333334,False,0.0021632031003910326,5.72,8.791944444444445,0.016666666666666666,8.791944444444445,True,True,True,True,3,B,B,SHOMOLU BU,1.0,B,SHOMOLU BU,1.0,B,SHOMOLU BU,1.0
11-OworoINJ-T3-Gbagada,B,4,17.0,SHOMOLU BU,854.0,880.0,899.0,877.6666666666666,2633.0,877.6666666666666,False,0.003539909113318576,5.72,6.996944444444445,0.016666666666666666,6.996944444444445,True,True,True,True,3,B,A,SHOMOLU BU,1.0,A,SHOMOLU BU,1.0,A,SHOMOLU BU,1.0
11-PTCINJ-T2-Medical,B,4,17.0,IKEJA BU,824.0,849.0,867.0,846.6666666666666,2540.0,846.6666666666666,False,0.0034148762430038673,5.72,4.295555555555556,0.016666666666666666,4.295555555555556,True,True,True,True,3,B,B,IKEJA BU,1.0,B,IKEJA BU,1.0,B,IKEJA BU,1.0
11-PTCINJ-T3-Olowu,B,4,17.0,IKEJA BU,830.0,856.0,874.0,853.3333333333334,2560.0,853.3333333333334,False,0.0034417650323188584,5.72,7.287222222222222,0.016666666666666666,7.287222222222222,True,True,True,True,3,B,B,IKEJA BU,1.0,B,IKEJA BU,1.0,B,IKEJA BU,1.0
11-SecretariatINJ-T1-Lateef Jakande,B,4,17.0,IKEJA BU,827.0,852.0,870.0,849.6666666666666,2549.0,849.6666666666666,False,0.003426976198195613,5.72,12.757777777777777,0.016666666666666666,12.757777777777777,True,True,True,True,3,B,B,IKEJA BU,1.0,B,IKEJA BU,1.0,B,IKEJA BU,1.0
11-SecretariatINJ-T2-7UP,B,4,16.0,IKEJA BU,793.0,817.0,834.0,814.6666666666666,2444.0,814.6666666666666,False,0.00328581005429191,,,,,False,True,True,True,3,,B,IKEJA BU,1.0,B,IKEJA BU,1.0,B,IKEJA BU,1.0
11-SecretariatINJ-T2-7Up,B,4,17.0,,,,,,,705.793427230047,True,0.0028466896147041334,5.72,4.3069444444444445,0.016666666666666666,4.3069444444444445,True,False,False,False,0,B,,,,,,,,,
33-AlimoshoTCN-EKORO,B,4,17.0,,,,,,,705.793427230047,True,0.0028466896147041334,1.69,6.008611111111111,0.016666666666666666,6.008611111111111,True,False,False,False,0,B,,,,,,,,,
33-AyoboTCN-ABULE TAYLOR,B,4,17.0,AKOWONJO BU,700.0,722.0,737.0,719.6666666666666,2159.0,719.6666666666666,False,0.002902644806553287,1.69,7.300833333333333,0.016666666666666666,7.300833333333333,True,True,True,True,3,B,B,AKOWONJO BU,1.0,B,AKOWONJO BU,1.0,B,AKOWONJO BU,1.0
33-AyoboTCN-AMIKANLE,B,4,17.0,AKOWONJO BU,717.0,739.0,755.0,737.0,2211.0,737.0,False,0.002972555658772264,1.69,10.26888888888889,0.016666666666666666,10.26888888888889,True,True,True,True,3,B,B,AKOWONJO BU,1.0,B,AKOWONJO BU,1.0,B,AKOWONJO BU,1.0
33-EjigboTCN-AGODO,B,4,17.0,OSHODI BU,757.0,780.0,796.0,777.6666666666666,2333.0,777.6666666666666,False,0.0031365772735937095,1.69,6.587222222222222,0.016666666666666666,6.587222222222222,True,True,True,True,3,B,A,OSHODI BU,1.0,A,OSHODI BU,1.0,A,OSHODI BU,1.0
33-EjigboTCN-IGANDO,B,4,17.0,OSHODI BU,1150.0,1185.0,1210.0,1181.6666666666667,3545.0,1181.6666666666667,False,0.004766037906082169,0.25,9.597222222222223,0.016666666666666666,9.597222222222223,True,True,True,True,3,B,A,OSHODI BU,1.0,A,OSHODI BU,1.0,A,OSHODI BU,1.0
33-IkoroduTCN-FAKALE SOURCE,B,4,17.0,,,,,,,705.793427230047,True,0.0028466896147041334,1.69,11.747222222222222,0.016666666666666666,11.747222222222222,True,False,False,False,0,B,,,,,,,,,
33-IkoroduTCN-FAKALE Source,B,4,16.0,IKORODU BU,576.0,593.0,605.0,591.3333333333334,1774.0,591.3333333333334,False,0.002385035612239709,,,,,False,True,True,True,3,,B,IKORODU BU,1.0,B,IKORODU BU,1.0,B,IKORODU BU,1.0
33-IkoroduTCN-OWUTU,B,4,17.0,IKORODU BU,469.0,483.0,493.0,481.6666666666667,1445.0,481.6666666666667,False,0.0019427150280081056,0.25,5.680833333333334,0.016666666666666666,4.674444444444445,True,True,True,True,3,B,B,IKORODU BU,1.0,B,IKORODU BU,1.0,B,IKORODU BU,1.0
33-MarylandTCN-AJEGUNLE,B,4,17.0,IKORODU BU;SHOMOLU BU,1292.0,1331.0,1359.0,1327.3333333333333,3982.0,1327.3333333333333,False,0.005353557952614724,1.69,7.111944444444444,0.016666666666666666,7.111944444444444,True,True,True,True,3,B,B,IKORODU BU;SHOMOLU BU,2.0,B,IKORODU BU;SHOMOLU BU,2.0,B,IKORODU BU;SHOMOLU BU,2.0
33-MarylandTCN-AJEGUNLE INTERFACE,B,4,16.0,IKORODU BU;SHOMOLU BU,921.0,948.0,969.0,946.0,2838.0,946.0,False,0.0038155192037972346,,,,,False,True,True,True,3,,B,IKORODU BU;SHOMOLU BU,2.0,B,IKORODU BU;SHOMOLU BU,2.0,B,IKORODU BU;SHOMOLU BU,2.0
33-OgbaTCN-ABEOKUTA EXP.,B,4,17.0,ABULE-EGBA BU;AKOWONJO BU,1225.0,1262.0,1289.0,1258.6666666666667,3776.0,1258.6666666666667,False,0.005076603422670316,1.69,8.718055555555555,0.016666666666666666,8.718055555555555,True,True,True,True,3,B,B,ABULE-EGBA BU;AKOWONJO BU,2.0,B,ABULE-EGBA BU;AKOWONJO BU,2.0,B,ABULE-EGBA BU;AKOWONJO BU,2.0
33-OworonshokiTCN-ALAPERE,B,4,17.0,,,,,,,705.793427230047,True,0.0028466896147041334,0.45,4.674444444444445,0.001388888888888889,4.674444444444445,True,False,False,False,0,B,,,,,,,,,
33-OworonshokiTCN-NEW OWORO,B,4,17.0,,,,,,,705.793427230047,True,0.0028466896147041334,0.45,4.674444444444445,0.001388888888888889,4.674444444444445,True,False,False,False,0,B,,,,,,,,,
11-AbesanINJ-T1-Baruwa,C,3,13.0,AKOWONJO BU,267.0,276.0,281.0,274.6666666666667,824.0,274.6666666666667,False,0.0011078181197776327,6.72,6.030555555555556,0.016666666666666666,6.030555555555556,True,True,True,True,3,C,D,AKOWONJO BU,1.0,D,AKOWONJO BU,1.0,D,AKOWONJO BU,1.0
11-AbesanINJ-T1-Ipaja,C,3,13.0,AKOWONJO BU,356.0,367.0,375.0,366.0,1098.0,366.0,False,0.0014761945333930104,6.72,8.074444444444444,0.016666666666666666,8.074444444444444,True,True,True,True,3,C,C,AKOWONJO BU,1.0,C,AKOWONJO BU,1.0,C,AKOWONJO BU,1.0
11-AbesanINJ-T2-Abesan,C,3,13.0,AKOWONJO BU,368.0,380.0,388.0,378.6666666666667,1136.0,378.6666666666667,False,0.0015272832330914935,6.72,10.0,0.016666666666666666,10.0,True,True,True,True,3,C,C,AKOWONJO BU,1.0,C,AKOWONJO BU,1.0,C,AKOWONJO BU,1.0
11-AbesanINJ-T2-Shagari,C,3,13.0,AKOWONJO BU,376.0,387.0,395.0,386.0,1158.0,386.0,False,0.0015568609013379836,6.72,24.16361111111111,0.016666666666666666,24.16361111111111,True,True,True,True,3,C,C,AKOWONJO BU,1.0,C,AKOWONJO BU,1.0,C,AKOWONJO BU,1.0
11-Abule IrokoINJ-T1-Abule Iroko,C,3,13.0,ABULE-EGBA BU,184.0,190.0,194.0,189.33333333333334,568.0,189.33333333333334,False,0.0007636416165457468,6.72,9.201944444444443,0.016666666666666666,9.201944444444443,True,True,True,True,3,C,D,ABULE-EGBA BU,1.0,D,ABULE-EGBA BU,1.0,D,ABULE-EGBA BU,1.0
11-Abule IrokoINJ-T1-Alakuko,C,3,13.0,ABULE-EGBA BU;AKOWONJO BU,503.0,518.0,528.0,516.3333333333334,1549.0,516.3333333333334,False,0.0020825367324460594,6.72,7.085833333333333,0.016666666666666666,7.085833333333333,True,True,True,True,3,C,D,ABULE-EGBA BU;AKOWONJO BU,2.0,D,ABULE-EGBA BU;AKOWONJO BU,2.0,D,ABULE-EGBA BU;AKOWONJO BU,2.0
11-Abule IrokoINJ-T1-Books,C,3,13.0,ABULE-EGBA BU,261.0,269.0,275.0,268.3333333333333,805.0,268.3333333333333,False,0.001082273769928391,6.72,11.632777777777779,0.016666666666666666,11.632777777777779,True,True,True,True,3,C,C,ABULE-EGBA BU,1.0,C,ABULE-EGBA BU,1.0,C,ABULE-EGBA BU,1.0
11-Abule TaylorINJ-T1-Walter Anderm,C,3,13.0,AKOWONJO BU,380.0,391.0,400.0,390.3333333333333,1171.0,390.3333333333333,False,0.0015743386143927277,6.72,9.411111111111111,0.016666666666666666,9.411111111111111,True,True,True,True,3,C,D,AKOWONJO BU,1.0,D,AKOWONJO BU,1.0,D,AKOWONJO BU,1.0
11-AdaranijoINJ-T1- Arigbanla,C,3,12.0,AKOWONJO BU,,,369.0,369.0,369.0,369.0,False,0.0014882944885847562,,,,,False,False,False,True,1,,,,,,,,C,AKOWONJO BU,1.0
11-AdaranijoINJ-T1-Arigbanla,C,3,13.0,AKOWONJO BU,351.0,362.0,,356.5,713.0,356.5,False,0.001437878008619148,5.72,9.516666666666667,0.016666666666666666,9.516666666666667,True,True,True,False,2,C,C,AKOWONJO BU,1.0,C,AKOWONJO BU,1.0,,,
11-AdaranijoINJ-T1-NYSC,C,3,13.0,AKOWONJO BU,421.0,434.0,443.0,432.6666666666667,1298.0,432.6666666666667,False,0.0017450824265429212,5.72,4.051388888888889,0.016666666666666666,4.051388888888889,True,True,True,True,3,C,C,AKOWONJO BU,1.0,C,AKOWONJO BU,1.0,C,AKOWONJO BU,1.0
11-AdaranijoINJ-T1-Oyewole,C,3,13.0,AKOWONJO BU,369.0,381.0,389.0,379.6666666666667,1139.0,379.6666666666667,False,0.001531316551488742,5.72,5.5008333333333335,0.016666666666666666,5.5008333333333335,True,True,True,True,3,C,C,AKOWONJO BU,1.0,C,AKOWONJO BU,1.0,C,AKOWONJO BU,1.0
11-AgegeINJ-T1-Iju Road,C,3,13.0,ABULE-EGBA BU;IKEJA BU,902.0,930.0,950.0,927.3333333333334,2782.0,927.3333333333334,False,0.0037402305937152595,5.72,5.005277777777778,0.016666666666666666,5.005277777777778,True,True,True,True,3,C,C,ABULE-EGBA BU;IKEJA BU,2.0,C,ABULE-EGBA BU;IKEJA BU,2.0,C,ABULE-EGBA BU;IKEJA BU,2.0
11-AgegeINJ-T1-Oko Oba,C,3,13.0,ABULE-EGBA BU;AKOWONJO BU,827.0,853.0,870.0,850.0,2550.0,850.0,False,0.003428320637661363,5.72,6.014722222222222,0.016666666666666666,6.014722222222222,True,True,True,True,3,C,C,ABULE-EGBA BU;AKOWONJO BU,2.0,C,ABULE-EGBA BU;AKOWONJO BU,2.0,C,ABULE-EGBA BU;AKOWONJO BU,2.0
11-AgegeINJ-T2-Abule Egba,C,3,13.0,AKOWONJO BU,377.0,389.0,397.0,387.6666666666667,1163.0,387.6666666666667,False,0.0015635830986667314,6.72,6.669722222222222,0.016666666666666666,6.669722222222222,True,True,True,True,3,C,D,AKOWONJO BU,1.0,D,AKOWONJO BU,1.0,D,AKOWONJO BU,1.0
11-AgegeINJ-T3-Pen Cinema,C,3,13.0,AKOWONJO BU,367.0,378.0,386.0,377.0,1131.0,377.0,False,0.0015205610357627455,6.72,2.4055555555555554,0.016666666666666666,2.4055555555555554,True,True,True,True,3,C,C,AKOWONJO BU,1.0,C,AKOWONJO BU,1.0,C,AKOWONJO BU,1.0
11-AgegeINJ-T3-Tabon Tabon,C,3,13.0,AKOWONJO BU,369.0,380.0,388.0,379.0,1137.0,379.0,False,0.001528627672557243,6.72,7.847222222222222,0.016666666666666666,7.847222222222222,True,True,True,True,3,C,D,AKOWONJO BU,1.0,D,AKOWONJO BU,1.0,D,AKOWONJO BU,1.0
11-Ago OkotaINJ-T1-Amuwo Ind.,C,3,13.0,OSHODI BU,396.0,408.0,417.0,407.0,1221.0,407.0,False,0.0016415605876802055,6.72,5.941111111111112,0.016666666666666666,5.941111111111112,True,True,True,True,3,C,C,OSHODI BU,1.0,C,OSHODI BU,1.0,C,OSHODI BU,1.0
11-Ago OkotaINJ-T1-Fasheun,C,3,13.0,OSHODI BU,365.0,376.0,384.0,375.0,1125.0,375.0,False,0.0015124943989682483,6.72,7.831388888888888,0.016666666666666666,7.831388888888888,True,True,True,True,3,C,C,OSHODI BU,1.0,C,OSHODI BU,1.0,C,OSHODI BU,1.0
11-Ago OkotaINJ-T2-Lake View,C,3,13.0,OSHODI BU,494.0,509.0,520.0,507.6666666666667,1523.0,507.6666666666667,False,0.002047581306336571,6.72,4.531666666666666,0.016666666666666666,4.531666666666666,True,True,True,True,3,C,B,OSHODI BU,1.0,B,OSHODI BU,1.0,B,OSHODI BU,1.0
11-Ago OkotaINJ-T2-Oke Ogbere,C,3,13.0,OSHODI BU,363.0,374.0,382.0,373.0,1119.0,373.0,False,0.001504427762173751,6.72,4.319999999999999,0.016666666666666666,4.319999999999999,True,True,True,True,3,C,C,OSHODI BU,1.0,C,OSHODI BU,1.0,C,OSHODI BU,1.0
11-Agodo EgbeINJ-T1- Abanishe,C,3,12.0,OSHODI BU,,,383.0,383.0,383.0,383.0,False,0.0015447609461462376,,,,,False,False,False,True,1,,,,,,,,C,OSHODI BU,1.0
11-Agodo EgbeINJ-T1-Abanishe,C,3,13.0,OSHODI BU,364.0,375.0,,369.5,739.0,369.5,False,0.0014903111477833806,5.72,4.3469444444444445,0.016666666666666666,4.3469444444444445,True,True,True,False,2,C,C,OSHODI BU,1.0,C,OSHODI BU,1.0,,,
11-Agodo EgbeINJ-T1-Kudaki,C,3,13.0,OSHODI BU,424.0,437.0,446.0,435.6666666666667,1307.0,435.6666666666667,False,0.0017571823817346672,5.72,4.222777777777778,0.016666666666666666,4.222777777777778,True,True,True,True,3,C,C,OSHODI BU,1.0,C,OSHODI BU,1.0,C,OSHODI BU,1.0
11-AiyetoroINJ-T1-Bada,C,3,12.0,AKOWONJO BU,317.0,326.0,333.0,325.3333333333333,976.0,325.3333333333333,False,0.0013121729185715646,,,,,False,True,True,True,3,,C,AKOWONJO BU,1.0,C,AKOWONJO BU,1.0,C,AKOWONJO BU,1.0
11-AiyetoroINJ-T1-Itele,C,3,12.0,AKOWONJO BU,338.0,348.0,356.0,347.3333333333333,1042.0,347.3333333333333,False,0.0014009059233110353,,,,,False,True,True,True,3,,C,AKOWONJO BU,1.0,C,AKOWONJO BU,1.0,C,AKOWONJO BU,1.0
11-AjaoINJ-T1-Domino,C,3,13.0,OSHODI BU,802.0,826.0,844.0,824.0,2472.0,824.0,False,0.0033234543593328976,5.72,14.0625,0.016666666666666666,14.0625,True,True,True,True,3,C,B,OSHODI BU,1.0,B,OSHODI BU,1.0,B,OSHODI BU,1.0
11-AjaoINJ-T2-New Estate,C,3,13.0,IKEJA BU;OSHODI BU,1519.0,1565.0,1598.0,1560.6666666666667,4682.0,1560.6666666666667,False,0.006294665578639412,5.72,4.389444444444445,0.016666666666666666,4.389444444444445,True,True,True,True,3,C,C,IKEJA BU;OSHODI BU,2.0,C,IKEJA BU;OSHODI BU,2.0,C,IKEJA BU;OSHODI BU,2.0
11-AjaoINJ-T2-Sholanke,C,3,13.0,OSHODI BU,790.0,814.0,831.0,811.6666666666666,2435.0,811.6666666666666,False,0.003273710099100164,5.72,5.561944444444444,0.016666666666666666,5.561944444444444,True,True,True,True,3,C,A,OSHODI BU,1.0,A,OSHODI BU,1.0,A,OSHODI BU,1.0
11-AkokaINJ-T1-Community,C,3,12.0,SHOMOLU BU,401.0,414.0,422.0,412.3333333333333,1237.0,412.3333333333333,False,0.0016630716191321983,,,,,False,True,True,True,3,,C,SHOMOLU BU,1.0,C,SHOMOLU BU,1.0,C,SHOMOLU BU,1.0
11-Akute INJ-T1-Ishashi,C,3,13.0,ABULE-EGBA BU,227.0,234.0,239.0,233.33333333333334,700.0,233.33333333333334,False,0.0009411076260246879,6.72,6.374444444444444,0.016666666666666666,6.374444444444444,True,True,True,True,3,C,C,ABULE-EGBA BU,1.0,C,ABULE-EGBA BU,1.0,C,ABULE-EGBA BU,1.0
11-Akute INJ-T1-Majente,C,3,13.0,,,,,,,441.3595800524934,True,0.0017801437140276654,6.72,16.67138888888889,0.016666666666666666,16.67138888888889,True,False,False,False,0,C,,,,,,,,,
11-Akute INJ-T1-Oyeyemi,C,3,13.0,ABULE-EGBA BU,240.0,247.0,252.0,246.33333333333334,739.0,246.33333333333334,False,0.0009935407651889205,6.72,10.0,0.016666666666666666,10.0,True,True,True,True,3,C,C,ABULE-EGBA BU,1.0,C,ABULE-EGBA BU,1.0,C,ABULE-EGBA BU,1.0
11-AlajaINJ-T1-Fadayomi,C,3,13.0,AKOWONJO BU,327.0,337.0,344.0,336.0,1008.0,336.0,False,0.0013551949814755505,6.72,10.0,0.016666666666666666,10.0,True,True,True,True,3,C,C,AKOWONJO BU,1.0,C,AKOWONJO BU,1.0,C,AKOWONJO BU,1.0
11-AlapereINJ-T1-Agboyi,C,3,13.0,SHOMOLU BU,371.0,383.0,391.0,381.6666666666667,1145.0,381.6666666666667,False,0.0015393831882832395,6.72,10.473611111111111,0.016666666666666666,10.473611111111111,True,True,True,True,3,C,C,SHOMOLU BU,1.0,C,SHOMOLU BU,1.0,C,SHOMOLU BU,1.0
11-AlimoshoINJ-T4-Akowonjo,C,3,13.0,AKOWONJO BU,367.0,378.0,386.0,377.0,1131.0,377.0,False,0.0015205610357627455,5.72,5.289444444444444,0.016666666666666666,5.289444444444444,True,True,True,True,3,C,C,AKOWONJO BU,1.0,C,AKOWONJO BU,1.0,C,AKOWONJO BU,1.0
11-AlimoshoINJ-T4-Oki,C,3,13.0,AKOWONJO BU,457.0,471.0,481.0,469.6666666666667,1409.0,469.6666666666667,False,0.0018943152072411218,5.72,4.841944444444444,0.016666666666666666,4.841944444444444,True,True,True,True,3,C,C,AKOWONJO BU,1.0,C,AKOWONJO BU,1.0,C,AKOWONJO BU,1.0
11-AlimoshoINJ-T6-Orelope,C,3,13.0,AKOWONJO BU,386.0,398.0,406.0,396.6666666666667,1190.0,396.6666666666667,False,0.0015998829642419694,6.72,6.403611111111111,0.016666666666666666,6.403611111111111,True,True,True,True,3,C,C,AKOWONJO BU,1.0,C,AKOWONJO BU,1.0,C,AKOWONJO BU,1.0
11-AlimoshoINJ-T6-Shasha,C,3,13.0,AKOWONJO BU,368.0,379.0,387.0,378.0,1134.0,378.0,False,0.0015245943541599943,6.72,10.138333333333334,0.016666666666666666,10.138333333333334,True,True,True,True,3,C,C,AKOWONJO BU,1.0,C,AKOWONJO BU,1.0,C,AKOWONJO BU,1.0
11-AlimoshoINJ-T8-Okunola,C,3,13.0,AKOWONJO BU,406.0,418.0,427.0,417.0,1251.0,417.0,False,0.001681893771652692,6.72,10.0775,0.016666666666666666,10.0775,True,True,True,True,3,C,C,AKOWONJO BU,1.0,C,AKOWONJO BU,1.0,C,AKOWONJO BU,1.0
11-AmikanleINJ-T1-Aiyetobi,C,3,13.0,AKOWONJO BU,363.0,374.0,382.0,373.0,1119.0,373.0,False,0.001504427762173751,6.72,6.420833333333333,0.016666666666666666,6.420833333333333,True,True,True,True,3,C,C,AKOWONJO BU,1.0,C,AKOWONJO BU,1.0,C,AKOWONJO BU,1.0
11-AmuwoINJ-T2-Jakande 1,C,3,13.0,OSHODI BU,414.0,426.0,435.0,425.0,1275.0,425.0,False,0.0017141603188306814,6.72,8.706666666666665,0.016666666666666666,8.706666666666665,True,True,True,True,3,C,C,OSHODI BU,1.0,C,OSHODI BU,1.0,C,OSHODI BU,1.0
11-AmuwoINJ-T2-Jakande 2,C,3,13.0,OSHODI BU,415.0,428.0,437.0,426.6666666666667,1280.0,426.6666666666667,False,0.0017208825161594292,6.72,12.25611111111111,0.016666666666666666,12.25611111111111,True,True,True,True,3,C,C,OSHODI BU,1.0,C,OSHODI BU,1.0,C,OSHODI BU,1.0
11-AyetoroINJ-T1-Bada,C,3,13.0,AKOWONJO BU,308.0,317.0,324.0,316.3333333333333,949.0,316.3333333333333,False,0.0012758730529963268,6.72,4.198611111111111,0.016666666666666666,4.198611111111111,True,True,True,True,3,C,C,AKOWONJO BU,1.0,C,AKOWONJO BU,1.0,C,AKOWONJO BU,1.0
11-AyetoroINJ-T1-Itele,C,3,13.0,AKOWONJO BU,334.0,344.0,352.0,343.3333333333333,1030.0,343.3333333333333,False,0.0013847726497220405,6.72,7.594166666666666,0.016666666666666666,7.594166666666666,True,True,True,True,3,C,C,AKOWONJO BU,1.0,C,AKOWONJO BU,1.0,C,AKOWONJO BU,1.0
11-AyoboINJ-T1-Ayobo,C,3,13.0,AKOWONJO BU,344.0,354.0,362.0,353.3333333333333,1060.0,353.3333333333333,False,0.0014251058336945271,6.72,8.518611111111111,0.016666666666666666,8.518611111111111,True,True,True,True,3,C,C,AKOWONJO BU,1.0,C,AKOWONJO BU,1.0,C,AKOWONJO BU,1.0
11-AyoboINJ-T1-Ikola,C,3,13.0,AKOWONJO BU,293.0,302.0,309.0,301.3333333333333,904.0,301.3333333333333,False,0.0012153732770375967,6.72,10.0,0.016666666666666666,10.0,True,True,True,True,3,C,D,AKOWONJO BU,1.0,D,AKOWONJO BU,1.0,D,AKOWONJO BU,1.0
11-BeckleyINJ-T1-Agbe road,C,3,13.0,ABULE-EGBA BU,323.0,332.0,339.0,331.3333333333333,994.0,331.3333333333333,False,0.0013363728289550567,6.72,7.8275,0.016666666666666666,7.8275,True,True,True,True,3,C,C,ABULE-EGBA BU,1.0,C,ABULE-EGBA BU,1.0,C,ABULE-EGBA BU,1.0
11-BeckleyINJ-T1-Beckley,C,3,13.0,ABULE-EGBA BU,503.0,518.0,529.0,516.6666666666666,1550.0,516.6666666666666,False,0.0020838811719118087,6.72,8.283333333333333,0.016666666666666666,8.283333333333333,True,True,True,True,3,C,C,ABULE-EGBA BU,1.0,C,ABULE-EGBA BU,1.0,C,ABULE-EGBA BU,1.0
11-BolorunpeluINJ-T1-Idimu,C,3,13.0,OSHODI BU,352.0,362.0,370.0,361.3333333333333,1084.0,361.3333333333333,False,0.0014573723808725164,6.72,10.0,0.016666666666666666,10.0,True,True,True,True,3,C,C,OSHODI BU,1.0,C,OSHODI BU,1.0,C,OSHODI BU,1.0
11-BolorunpeluINJ-T1-Isijola,C,3,13.0,OSHODI BU,348.0,358.0,366.0,357.3333333333333,1072.0,357.3333333333333,False,0.0014412391072835219,6.72,10.0,0.016666666666666666,10.0,True,True,True,True,3,C,D,OSHODI BU,1.0,D,OSHODI BU,1.0,D,OSHODI BU,1.0
11-BolorunpeluINJ-T3-Liasu,C,3,13.0,OSHODI BU,355.0,366.0,374.0,365.0,1095.0,365.0,False,0.0014721612149957617,6.72,6.51,0.016666666666666666,6.51,True,True,True,True,3,C,D,OSHODI BU,1.0,D,OSHODI BU,1.0,D,OSHODI BU,1.0
11-IgandoINJ-T2-General Hospital,C,3,13.0,OSHODI BU,280.0,288.0,294.0,287.3333333333333,862.0,287.3333333333333,False,0.0011589068194761156,6.72,6.55,0.016666666666666666,6.55,True,True,True,True,3,C,D,OSHODI BU,1.0,D,OSHODI BU,1.0,D,OSHODI BU,1.0
11-IgbobiINJ-T1-Military,C,3,13.0,SHOMOLU BU,658.0,678.0,693.0,676.3333333333334,2029.0,676.3333333333334,False,0.002727867676005845,6.72,13.952222222222222,0.016666666666666666,13.952222222222222,True,True,True,True,3,C,C,SHOMOLU BU,1.0,C,SHOMOLU BU,1.0,C,SHOMOLU BU,1.0
11-IgbobiINJ-T2-Orthopaedic,C,3,13.0,SHOMOLU BU,645.0,665.0,679.0,663.0,1989.0,663.0,False,0.002674090097375863,5.72,5.5841666666666665,0.016666666666666666,5.5841666666666665,True,True,True,True,3,C,C,SHOMOLU BU,1.0,C,SHOMOLU BU,1.0,C,SHOMOLU BU,1.0
11-IgbogboINJ-T2-Agbele,C,3,13.0,IKORODU BU,264.0,272.0,278.0,271.3333333333333,814.0,271.3333333333333,False,0.001094373725120137,5.72,13.732222222222223,0.016666666666666666,13.732222222222223,True,True,True,True,3,C,D,IKORODU BU,1.0,D,IKORODU BU,1.0,D,IKORODU BU,1.0
11-IgbogboINJ-T2-Odofin,C,3,13.0,IKORODU BU,255.0,262.0,268.0,261.6666666666667,785.0,261.6666666666667,False,0.0010553849806134,5.72,7.512777777777778,0.016666666666666666,7.512777777777778,True,True,True,True,3,C,D,IKORODU BU,1.0,D,IKORODU BU,1.0,D,IKORODU BU,1.0
11-Ijaiye OjokoroINJ-T1- Abeokuta Express,C,3,12.0,ABULE-EGBA BU;AKOWONJO BU,,,499.0,499.0,499.0,499.0,False,0.0020126258802270823,,,,,False,False,False,True,1,,,,,,,,C,ABULE-EGBA BU;AKOWONJO BU,2.0
11-Ijaiye OjokoroINJ-T1- Jankara,C,3,12.0,ABULE-EGBA BU,,,342.0,342.0,342.0,342.0,False,0.0013793948918590425,,,,,False,False,False,True,1,,,,,,,,C,ABULE-EGBA BU,1.0
11-Ijaiye OjokoroINJ-T1-Abeokuta Express,C,3,13.0,ABULE-EGBA BU;AKOWONJO BU,474.0,488.0,,481.0,962.0,481.0,False,0.0019400261490766066,6.72,16.79527777777778,0.016666666666666666,16.79527777777778,True,True,True,False,2,C,C,ABULE-EGBA BU;AKOWONJO BU,2.0,C,ABULE-EGBA BU;AKOWONJO BU,2.0,,,
11-Ijaiye OjokoroINJ-T1-Agbado 2,C,3,13.0,,,,,,,441.3595800524934,True,0.0017801437140276654,6.72,5.835277777777778,0.016666666666666666,5.835277777777778,True,False,False,False,0,C,,,,,,,,,
11-Ijaiye OjokoroINJ-T1-Jankara,C,3,13.0,ABULE-EGBA BU,325.0,335.0,,330.0,660.0,330.0,False,0.0013309950710920584,6.72,9.617222222222223,0.016666666666666666,9.617222222222223,True,True,True,False,2,C,C,ABULE-EGBA BU,1.0,C,ABULE-EGBA BU,1.0,,,
11-Ijaiye OjokoroINJ-T2- Agbado 2,C,3,12.0,ABULE-EGBA BU,,,264.0,264.0,264.0,264.0,False,0.0010647960568736469,,,,,False,False,False,True,1,,,,,,,,C,ABULE-EGBA BU,1.0
11-Ijaiye OjokoroINJ-T2-Agbado 2,C,3,12.0,ABULE-EGBA BU,251.0,259.0,,255.0,510.0,255.0,False,0.0010284961912984088,,,,,False,True,True,False,2,,C,ABULE-EGBA BU,1.0,C,ABULE-EGBA BU,1.0,,,
11-IjegunINJ-T1-Obalagbe,C,3,13.0,OSHODI BU,230.0,237.0,242.0,236.33333333333334,709.0,236.33333333333334,False,0.0009532075812164339,6.72,10.495277777777776,0.016666666666666666,10.495277777777776,True,True,True,True,3,C,D,OSHODI BU,1.0,D,OSHODI BU,1.0,D,OSHODI BU,1.0
11-IjuINJ-T1-Asore,C,3,13.0,ABULE-EGBA BU,343.0,353.0,360.0,352.0,1056.0,352.0,False,0.001419728075831529,5.72,8.631111111111112,0.016666666666666666,8.631111111111112,True,True,True,True,3,C,B,ABULE-EGBA BU,1.0,B,ABULE-EGBA BU,1.0,B,ABULE-EGBA BU,1.0
11-IjuINJ-T1-Grailand,C,3,13.0,ABULE-EGBA BU,354.0,364.0,372.0,363.3333333333333,1090.0,363.3333333333333,False,0.001465439017667014,5.72,7.579166666666667,0.016666666666666666,7.579166666666667,True,True,True,True,3,C,D,ABULE-EGBA BU,1.0,D,ABULE-EGBA BU,1.0,D,ABULE-EGBA BU,1.0
11-IjuINJ-T2-Agbado 1,C,3,13.0,ABULE-EGBA BU,253.0,260.0,266.0,259.6666666666667,779.0,259.6666666666667,False,0.0010473183438189026,6.72,8.071111111111112,0.016666666666666666,8.071111111111112,True,True,True,True,3,C,C,ABULE-EGBA BU,1.0,C,ABULE-EGBA BU,1.0,C,ABULE-EGBA BU,1.0
11-IjuINJ-T2-Ishaga,C,3,13.0,ABULE-EGBA BU,398.0,410.0,419.0,409.0,1227.0,409.0,False,0.0016496272244747028,6.72,7.093055555555555,0.016666666666666666,7.093055555555555,True,True,True,True,3,C,C,ABULE-EGBA BU,1.0,C,ABULE-EGBA BU,1.0,C,ABULE-EGBA BU,1.0
11-IlapoINJ-T1-Ilapo,C,3,13.0,AKOWONJO BU,263.0,271.0,277.0,270.3333333333333,811.0,270.3333333333333,False,0.0010903404067228882,6.72,16.67138888888889,0.016666666666666666,16.67138888888889,True,True,True,True,3,C,D,AKOWONJO BU,1.0,D,AKOWONJO BU,1.0,D,AKOWONJO BU,1.0
11-IlupejuINJ-T3-L & K,C,3,13.0,OSHODI BU,591.0,609.0,622.0,607.3333333333334,1822.0,607.3333333333334,False,0.002449568706595688,5.72,8.746666666666666,0.016666666666666666,8.746666666666666,True,True,True,True,3,C,C,OSHODI BU,1.0,C,OSHODI BU,1.0,C,OSHODI BU,1.0
11-IlupejuLocal-T1-Industrial,C,3,12.0,SHOMOLU BU,855.0,881.0,900.0,878.6666666666666,2636.0,878.6666666666666,False,0.003543942431715824,,,,,False,True,True,True,3,,C,SHOMOLU BU,1.0,C,SHOMOLU BU,1.0,C,SHOMOLU BU,1.0
11-Ipakodo (Ebute)INJ-T1- Ipakodo,C,3,12.0,IKORODU BU,,,406.0,406.0,406.0,406.0,False,0.0016375272692829568,,,,,False,False,False,True,1,,,,,,,,C,IKORODU BU,1.0
11-Ipakodo (Ebute)INJ-T1- WAEC,C,3,12.0,IKORODU BU,,,398.0,398.0,398.0,398.0,False,0.0016052607221049675,,,,,False,False,False,True,1,,,,,,,,C,IKORODU BU,1.0
11-Ipakodo (Ebute)INJ-T1-WAEC,C,3,13.0,IKORODU BU,378.0,390.0,,384.0,768.0,384.0,False,0.0015487942645434863,6.72,10.238888888888889,0.016666666666666666,10.238888888888889,True,True,True,False,2,C,C,IKORODU BU,1.0,C,IKORODU BU,1.0,,,
11-ItireINJ-T1-Ademulegun,C,3,13.0,OSHODI BU,420.0,433.0,442.0,431.6666666666667,1295.0,431.6666666666667,False,0.0017410491081456725,6.72,12.7825,0.016666666666666666,12.7825,True,True,True,True,3,C,C,OSHODI BU,1.0,C,OSHODI BU,1.0,C,OSHODI BU,1.0
11-ItireINJ-T3-Ago,C,3,13.0,OSHODI BU,615.0,633.0,647.0,631.6666666666666,1895.0,631.6666666666666,False,0.002547712787595405,5.72,11.298055555555555,0.016666666666666666,11.298055555555555,True,True,True,True,3,C,A,OSHODI BU,1.0,A,OSHODI BU,1.0,A,OSHODI BU,1.0
11-ItireINJ-T3-Apena,C,3,13.0,OSHODI BU,447.0,461.0,470.0,459.3333333333333,1378.0,459.3333333333333,False,0.0018526375838028855,6.72,8.414444444444445,0.016666666666666666,8.414444444444445,True,True,True,True,3,C,C,OSHODI BU,1.0,C,OSHODI BU,1.0,C,OSHODI BU,1.0
11-LambeINJ-T1-Jolasco,C,3,13.0,ABULE-EGBA BU,272.0,280.0,286.0,279.3333333333333,838.0,279.3333333333333,False,0.0011266402722981263,5.72,5.5616666666666665,0.016666666666666666,5.5616666666666665,True,True,True,True,3,C,D,ABULE-EGBA BU,1.0,D,ABULE-EGBA BU,1.0,D,ABULE-EGBA BU,1.0
11-LambeINJ-T1-Matogun,C,3,13.0,ABULE-EGBA BU,292.0,300.0,307.0,299.6666666666667,899.0,299.6666666666667,False,0.0012086510797088492,6.72,7.4863888888888885,0.016666666666666666,7.4863888888888885,True,True,True,True,3,C,C,ABULE-EGBA BU,1.0,C,ABULE-EGBA BU,1.0,C,ABULE-EGBA BU,1.0
11-LambeINJ-T1-Olambe,C,3,13.0,ABULE-EGBA BU,316.0,325.0,332.0,324.3333333333333,973.0,324.3333333333333,False,0.001308139600174316,6.72,7.4863888888888885,0.016666666666666666,7.4863888888888885,True,True,True,True,3,C,C,ABULE-EGBA BU,1.0,C,ABULE-EGBA BU,1.0,C,ABULE-EGBA BU,1.0
11-MarylandINJ-T3-Ikosi,C,3,13.0,SHOMOLU BU,547.0,563.0,575.0,561.6666666666666,1685.0,561.6666666666666,False,0.0022653804997879983,5.72,10.744444444444444,0.016666666666666666,10.744444444444444,True,True,True,True,3,C,C,SHOMOLU BU,1.0,C,SHOMOLU BU,1.0,C,SHOMOLU BU,1.0
11-MongoroINJ-T1-Sule,C,3,13.0,AKOWONJO BU,343.0,354.0,361.0,352.6666666666667,1058.0,352.6666666666667,False,0.0014224169547630283,6.72,7.689444444444445,0.016666666666666666,7.689444444444445,True,True,True,True,3,C,C,AKOWONJO BU,1.0,C,AKOWONJO BU,1.0,C,AKOWONJO BU,1.0
11-MushinINJ-Aswani,C,3,13.0,OSHODI BU,525.0,541.0,552.0,539.3333333333334,1618.0,539.3333333333334,False,0.002175303055582779,5.72,10.161944444444444,0.016666666666666666,10.161944444444444,True,True,True,True,3,C,C,OSHODI BU,1.0,C,OSHODI BU,1.0,C,OSHODI BU,1.0
11-MushinINJ-T1-Mushin,C,3,13.0,SHOMOLU BU,326.0,335.0,343.0,334.6666666666667,1004.0,334.6666666666667,False,0.0013498172236125524,6.72,12.130277777777778,0.016666666666666666,12.130277777777778,True,True,True,True,3,C,D,SHOMOLU BU,1.0,D,SHOMOLU BU,1.0,D,SHOMOLU BU,1.0
11-MushinINJ-T1-Mushin 2,C,3,13.0,SHOMOLU BU,297.0,306.0,312.0,305.0,915.0,305.0,False,0.001230162111160842,6.72,10.2,0.016666666666666666,10.2,True,True,True,True,3,C,D,SHOMOLU BU,1.0,D,SHOMOLU BU,1.0,D,SHOMOLU BU,1.0
11-New GowonINJ-T1-Kuwait,C,3,13.0,AKOWONJO BU,347.0,358.0,365.0,356.6666666666667,1070.0,356.6666666666667,False,0.0014385502283520229,6.72,8.5025,0.016666666666666666,8.5025,True,True,True,True,3,C,C,AKOWONJO BU,1.0,C,AKOWONJO BU,1.0,C,AKOWONJO BU,1.0
11-New GowonINJ-T1-Unity,C,3,13.0,AKOWONJO BU,516.0,532.0,543.0,530.3333333333334,1591.0,530.3333333333334,False,0.0021390031900075405,6.72,6.4,0.016666666666666666,6.4,True,True,True,True,3,C,C,AKOWONJO BU,1.0,C,AKOWONJO BU,1.0,C,AKOWONJO BU,1.0
11-New OworoINJ-T1-Finbars,C,3,13.0,SHOMOLU BU,540.0,557.0,569.0,555.3333333333334,1666.0,555.3333333333334,False,0.0022398361499387574,5.72,8.45722222222222,0.016666666666666666,8.45722222222222,True,True,True,True,3,C,C,SHOMOLU BU,1.0,C,SHOMOLU BU,1.0,C,SHOMOLU BU,1.0
11-New OworoINJ-T1-Odunsi,C,3,13.0,SHOMOLU BU,477.0,491.0,502.0,490.0,1470.0,490.0,False,0.0019763260146518444,5.72,7.0777777777777775,0.016666666666666666,7.0777777777777775,True,True,True,True,3,C,C,SHOMOLU BU,1.0,C,SHOMOLU BU,1.0,C,SHOMOLU BU,1.0
11-OdogunyanINJ-T1- Industrial,C,3,12.0,IKORODU BU,,,394.0,394.0,394.0,394.0,False,0.001589127448515973,,,,,False,False,False,True,1,,,,,,,,C,IKORODU BU,1.0
11-OdogunyanINJ-T1-Industrial,C,3,13.0,IKORODU BU,374.0,385.0,,379.5,759.0,379.5,False,0.0015306443317558672,5.72,7.169722222222222,0.016666666666666666,7.169722222222222,True,True,True,False,2,C,C,IKORODU BU,1.0,C,IKORODU BU,1.0,,,
11-OdogunyanINJ-T2- Cantoment,C,3,12.0,IKORODU BU,,,383.0,383.0,383.0,383.0,False,0.0015447609461462376,,,,,False,False,False,True,1,,,,,,,,C,IKORODU BU,1.0
11-OdogunyanINJ-T2-Cantoment,C,3,12.0,IKORODU BU,364.0,375.0,,369.5,739.0,369.5,False,0.0014903111477833806,,,,,False,True,True,False,2,,C,IKORODU BU,1.0,C,IKORODU BU,1.0,,,
11-OdogunyanINJ-T2-Cantonment,C,3,13.0,,,,,,,441.3595800524934,True,0.0017801437140276654,5.72,12.195,0.016666666666666666,12.195,True,False,False,False,0,C,,,,,,,,,
11-OdogunyanINJ-T2-Ita Oluwo,C,3,13.0,IKORODU BU,372.0,383.0,392.0,382.3333333333333,1147.0,382.3333333333333,False,0.0015420720672147383,5.72,4.216666666666667,0.016666666666666666,4.216666666666667,True,True,True,True,3,C,C,IKORODU BU,1.0,C,IKORODU BU,1.0,C,IKORODU BU,1.0
11-OgbaINJ-T1-Isokoko,C,3,13.0,IKEJA BU,796.0,820.0,838.0,818.0,2454.0,818.0,False,0.0032992544489494056,5.72,9.729722222222222,0.016666666666666666,9.729722222222222,True,True,True,True,3,C,C,IKEJA BU,1.0,C,IKEJA BU,1.0,C,IKEJA BU,1.0
11-OgbaINJ-T2-Agege,C,3,13.0,IKEJA BU,776.0,799.0,816.0,797.0,2391.0,797.0,False,0.0032145547626071837,5.72,12.939722222222223,0.016666666666666666,12.939722222222223,True,True,True,True,3,C,C,IKEJA BU,1.0,C,IKEJA BU,1.0,C,IKEJA BU,1.0
11-OguduINJ-T2-Oriola,C,3,13.0,SHOMOLU BU,534.0,550.0,562.0,548.6666666666666,1646.0,548.6666666666666,False,0.002212947360623766,6.72,9.316944444444443,0.016666666666666666,9.316944444444443,True,True,True,True,3,C,C,SHOMOLU BU,1.0,C,SHOMOLU BU,1.0,C,SHOMOLU BU,1.0
11-OguduINJ-T3-Balogun,C,3,13.0,SHOMOLU BU,504.0,519.0,530.0,517.6666666666666,1553.0,517.6666666666666,False,0.0020879144903090574,6.72,10.29888888888889,0.016666666666666666,10.29888888888889,True,True,True,True,3,C,C,SHOMOLU BU,1.0,C,SHOMOLU BU,1.0,C,SHOMOLU BU,1.0
11-OjoduINJ-T1-Alagbole,C,3,13.0,IKEJA BU,672.0,692.0,707.0,690.3333333333334,2071.0,690.3333333333334,False,0.0027843341335673268,5.72,4.947777777777778,0.016666666666666666,4.947777777777778,True,True,True,True,3,C,C,IKEJA BU,1.0,C,IKEJA BU,1.0,C,IKEJA BU,1.0
11-OjoduINJ-T1-King Avenue,C,3,13.0,IKEJA BU,744.0,766.0,782.0,764.0,2292.0,764.0,False,0.0030814552554979777,5.72,4.645,0.016666666666666666,4.645,True,True,True,True,3,C,C,IKEJA BU,1.0,C,IKEJA BU,1.0,C,IKEJA BU,1.0
11-Oke AfaINJ-T1-Bucknor,C,3,13.0,,,,,,,441.3595800524934,True,0.0017801437140276654,6.72,16.67138888888889,0.016666666666666666,16.67138888888889,True,False,False,False,0,C,,,,,,,,,
11-Oke AfaINJ-T1-Ire-Akari,C,3,13.0,OSHODI BU,366.0,377.0,385.0,376.0,1128.0,376.0,False,0.001516527717365497,6.72,3.2441666666666666,0.016666666666666666,3.2441666666666666,True,True,True,True,3,C,C,OSHODI BU,1.0,C,OSHODI BU,1.0,C,OSHODI BU,1.0
11-Oke AfaINJ-T2-Ilamoshe,C,3,13.0,OSHODI BU,351.0,362.0,370.0,361.0,1083.0,361.0,False,0.0014560279414067671,6.72,9.554444444444446,0.016666666666666666,9.554444444444446,True,True,True,True,3,C,C,OSHODI BU,1.0,C,OSHODI BU,1.0,C,OSHODI BU,1.0
11-Oke AfaINJ-T3-Bungalow,C,3,13.0,OSHODI BU,261.0,269.0,274.0,268.0,804.0,268.0,False,0.0010809293304626414,6.72,24.360555555555557,0.016666666666666666,24.360555555555557,True,True,True,True,3,C,D,OSHODI BU,1.0,D,OSHODI BU,1.0,D,OSHODI BU,1.0
11-Ope IluINJ-T1-Aboro,C,3,13.0,ABULE-EGBA BU;IKEJA BU,392.0,404.0,412.0,402.6666666666667,1208.0,402.6666666666667,False,0.0016240828746254615,6.72,7.684444444444445,0.016666666666666666,7.684444444444445,True,True,True,True,3,C,C,ABULE-EGBA BU;IKEJA BU,2.0,C,ABULE-EGBA BU;IKEJA BU,2.0,C,ABULE-EGBA BU;IKEJA BU,2.0
11-Ope IluINJ-T1-Adiyan,C,3,13.0,ABULE-EGBA BU,234.0,241.0,246.0,240.33333333333334,721.0,240.33333333333334,False,0.0009693408548054285,6.72,8.348055555555556,0.016666666666666666,8.348055555555556,True,True,True,True,3,C,C,ABULE-EGBA BU,1.0,C,ABULE-EGBA BU,1.0,C,ABULE-EGBA BU,1.0
11-OworoINJ-T2-Ladilak,C,3,12.0,SHOMOLU BU,566.0,583.0,595.0,581.3333333333334,1744.0,581.3333333333334,False,0.0023447024282672226,,,,,False,True,True,True,3,,C,SHOMOLU BU,1.0,C,SHOMOLU BU,1.0,C,SHOMOLU BU,1.0
11-OworoINJ-T2-Pedro,C,3,13.0,SHOMOLU BU,530.0,546.0,558.0,544.6666666666666,1634.0,544.6666666666666,False,0.0021968140870347714,6.72,30.18611111111111,0.016666666666666666,30.18611111111111,True,True,True,True,3,C,C,SHOMOLU BU,1.0,C,SHOMOLU BU,1.0,C,SHOMOLU BU,1.0
11-OworoINJ-T3-Bariga,C,3,13.0,SHOMOLU BU,379.0,390.0,398.0,389.0,1167.0,389.0,False,0.0015689608565297296,6.72,6.391111111111112,0.016666666666666666,6.391111111111112,True,True,True,True,3,C,C,SHOMOLU BU,1.0,C,SHOMOLU BU,1.0,C,SHOMOLU BU,1.0
11-OwutuINJ-T1-Ori Okuta,C,3,13.0,IKORODU BU,352.0,363.0,371.0,362.0,1086.0,362.0,False,0.0014600612598040157,6.72,5.622222222222223,0.016666666666666666,5.622222222222223,True,True,True,True,3,C,C,IKORODU BU,1.0,C,IKORODU BU,1.0,C,IKORODU BU,1.0
11-SaboINJ-T1-Ayangburen,C,3,13.0,IKORODU BU,447.0,461.0,470.0,459.3333333333333,1378.0,459.3333333333333,False,0.0018526375838028855,5.72,5.964722222222222,0.016666666666666666,5.964722222222222,True,True,True,True,3,C,C,IKORODU BU,1.0,C,IKORODU BU,1.0,C,IKORODU BU,1.0
11-SaboINJ-T1-Lagos Road,C,3,12.0,IKORODU BU,355.0,365.0,373.0,364.3333333333333,1093.0,364.3333333333333,False,0.0014694723360642625,,,,,False,True,True,True,3,,C,IKORODU BU,1.0,C,IKORODU BU,1.0,C,IKORODU BU,1.0
11-SaboINJ-T1-Lasunwon,C,3,13.0,IKORODU BU;OSHODI BU,760.0,784.0,800.0,781.3333333333334,2344.0,781.3333333333334,False,0.0031513661077169548,5.72,6.16,0.016666666666666666,6.16,True,True,True,True,3,C,C,IKORODU BU;OSHODI BU,2.0,C,IKORODU BU;OSHODI BU,2.0,C,IKORODU BU;OSHODI BU,2.0
11-SaboINJ-T1-Mary Hill,C,3,13.0,IKORODU BU,445.0,459.0,468.0,457.3333333333333,1372.0,457.3333333333333,False,0.0018445709470083882,5.72,4.452500000000001,0.016666666666666666,4.452500000000001,True,True,True,True,3,C,C,IKORODU BU,1.0,C,IKORODU BU,1.0,C,IKORODU BU,1.0
11-SaboINJ-T2-Eyita,C,3,13.0,IKORODU BU,455.0,469.0,478.0,467.3333333333333,1402.0,467.3333333333333,False,0.0018849041309808748,5.72,7.58,0.016666666666666666,7.58,True,True,True,True,3,C,B,IKORODU BU,1.0,B,IKORODU BU,1.0,B,IKORODU BU,1.0
11-SaboINJ-T2-Lagos Road,C,3,13.0,IKORODU BU,405.0,417.0,426.0,416.0,1248.0,416.0,False,0.0016778604532554434,5.72,9.289166666666667,0.016666666666666666,9.289166666666667,True,True,True,True,3,C,C,IKORODU BU,1.0,C,IKORODU BU,1.0,C,IKORODU BU,1.0
11-SaboINJ-T2-Lasunwon,C,3,12.0,IKORODU BU,397.0,409.0,418.0,408.0,1224.0,408.0,False,0.0016455939060774543,,,,,False,True,True,True,3,,C,IKORODU BU,1.0,C,IKORODU BU,1.0,C,IKORODU BU,1.0
11-ShashaINJ-T1-Foursquare,C,3,13.0,AKOWONJO BU,352.0,363.0,370.0,361.6666666666667,1085.0,361.6666666666667,False,0.0014587168203382662,6.72,8.002222222222223,0.016666666666666666,8.002222222222223,True,True,True,True,3,C,C,AKOWONJO BU,1.0,C,AKOWONJO BU,1.0,C,AKOWONJO BU,1.0
11-ShashaINJ-T1-Oguntade,C,3,13.0,AKOWONJO BU,373.0,385.0,393.0,383.6666666666667,1151.0,383.6666666666667,False,0.0015474498250777368,6.72,5.721666666666667,0.016666666666666666,5.721666666666667,True,True,True,True,3,C,C,AKOWONJO BU,1.0,C,AKOWONJO BU,1.0,C,AKOWONJO BU,1.0
11-WasimiINJ-T1-Akanimodo,C,3,13.0,SHOMOLU BU,482.0,496.0,507.0,495.0,1485.0,495.0,False,0.0019964926066380877,6.72,10.0,0.016666666666666666,10.0,True,True,True,True,3,C,C,SHOMOLU BU,1.0,C,SHOMOLU BU,1.0,C,SHOMOLU BU,1.0
11-WasimiINJ-T1-Araromi,C,3,13.0,SHOMOLU BU,697.0,718.0,734.0,716.3333333333334,2149.0,716.3333333333334,False,0.002889200411895792,5.72,4.352222222222222,0.016666666666666666,4.352222222222222,True,True,True,True,3,C,B,SHOMOLU BU,1.0,B,SHOMOLU BU,1.0,B,SHOMOLU BU,1.0
11-WasimiINJ-T2-Agidi,C,3,13.0,SHOMOLU BU,517.0,533.0,544.0,531.3333333333334,1594.0,531.3333333333334,False,0.0021430365084047893,5.72,8.229166666666666,0.016666666666666666,8.229166666666666,True,True,True,True,3,C,C,SHOMOLU BU,1.0,C,SHOMOLU BU,1.0,C,SHOMOLU BU,1.0
11-WasimiINJ-T2-Wasimi,C,3,13.0,SHOMOLU BU,386.0,397.0,406.0,396.3333333333333,1189.0,396.3333333333333,False,0.0015985385247762197,6.72,8.789444444444444,0.016666666666666666,8.789444444444444,True,True,True,True,3,C,C,SHOMOLU BU,1.0,C,SHOMOLU BU,1.0,C,SHOMOLU BU,1.0
11-YidiINJ-T1-Osoba,C,3,13.0,ABULE-EGBA BU,290.0,299.0,305.0,298.0,894.0,298.0,False,0.0012019288823801014,6.72,7.531944444444444,0.016666666666666666,7.531944444444444,True,True,True,True,3,C,C,ABULE-EGBA BU,1.0,C,ABULE-EGBA BU,1.0,C,ABULE-EGBA BU,1.0
11-YusufINJ-T1-Akera,C,3,12.0,ABULE-EGBA BU;OSHODI BU,539.0,554.0,566.0,553.0,1659.0,553.0,False,0.00223042507367851,,,,,False,True,True,True,3,,C,ABULE-EGBA BU;OSHODI BU,2.0,C,ABULE-EGBA BU;OSHODI BU,2.0,C,ABULE-EGBA BU;OSHODI BU,2.0
11-YusufINJ-T1-Yusuf,C,3,13.0,,,,,,,441.3595800524934,True,0.0017801437140276654,5.72,6.218888888888889,0.016666666666666666,6.218888888888889,True,False,False,False,0,C,,,,,,,,,
11-YusufINJ-T2-Agbefa,C,3,13.0,AKOWONJO BU,248.0,256.0,261.0,255.0,765.0,255.0,False,0.0010284961912984088,6.72,7.701388888888889,0.016666666666666666,7.701388888888889,True,True,True,True,3,C,D,AKOWONJO BU,1.0,D,AKOWONJO BU,1.0,D,AKOWONJO BU,1.0
11-YusufINJ-T2-Akera,C,3,13.0,,,,,,,441.3595800524934,True,0.0017801437140276654,6.72,13.951388888888888,0.016666666666666666,13.951388888888888,True,False,False,False,0,C,,,,,,,,,
11-YusufINJ-T2-Yusuf,C,3,12.0,ABULE-EGBA BU,314.0,323.0,330.0,322.3333333333333,967.0,322.3333333333333,False,0.0013000729633798186,,,,,False,True,True,True,3,,C,ABULE-EGBA BU,1.0,C,ABULE-EGBA BU,1.0,C,ABULE-EGBA BU,1.0
33-AyoboTCN-AYOBO,C,3,13.0,,,,,,,441.3595800524934,True,0.0017801437140276654,6.72,4.319999999999999,0.016666666666666666,4.319999999999999,True,False,False,False,0,C,,,,,,,,,
33-IkoroduTCN-IBESHE,C,3,13.0,IKORODU BU,437.0,450.0,459.0,448.6666666666667,1346.0,448.6666666666667,False,0.0018096155208988998,1.69,7.919166666666667,0.016666666666666666,7.919166666666667,True,True,True,True,3,C,C,IKORODU BU,1.0,C,IKORODU BU,1.0,C,IKORODU BU,1.0
33-Oke-AroTCN-AKUTE,C,3,13.0,ABULE-EGBA BU;IKEJA BU;SHOMOLU BU,929.0,958.0,977.0,954.6666666666666,2864.0,954.6666666666666,False,0.0038504746299067227,6.72,12.18,0.016666666666666666,12.18,True,True,True,True,3,C,D,ABULE-EGBA BU;IKEJA BU;SHOMOLU BU,3.0,D,ABULE-EGBA BU;IKEJA BU;SHOMOLU BU,3.0,D,ABULE-EGBA BU;IKEJA BU;SHOMOLU BU,3.0
11-AbesanINJ-T1-Aboru,D,2,9.0,AKOWONJO BU;IKEJA BU,436.0,449.0,458.0,447.6666666666667,1343.0,447.6666666666667,False,0.001805582202501651,6.72,12.942777777777778,0.016666666666666666,12.942777777777778,True,True,True,True,3,D,D,AKOWONJO BU;IKEJA BU,2.0,D,AKOWONJO BU;IKEJA BU,2.0,D,AKOWONJO BU;IKEJA BU,2.0
11-AgegeINJ-T2-Orile Agege,D,2,9.0,AKOWONJO BU,380.0,391.0,399.0,390.0,1170.0,390.0,False,0.0015729941749269782,6.72,5.939444444444445,0.016666666666666666,5.939444444444445,True,True,True,True,3,D,C,AKOWONJO BU,1.0,C,AKOWONJO BU,1.0,C,AKOWONJO BU,1.0
11-AgegeINJ-T2-Power Line,D,2,9.0,AKOWONJO BU,296.0,305.0,312.0,304.3333333333333,913.0,304.3333333333333,False,0.0012274732322293427,6.72,5.076111111111111,0.016666666666666666,5.076111111111111,True,True,True,True,3,D,D,AKOWONJO BU,1.0,D,AKOWONJO BU,1.0,D,AKOWONJO BU,1.0
11-AlasiaINJ-T1-Alasia,D,2,9.0,OSHODI BU,428.0,441.0,450.0,439.6666666666667,1319.0,439.6666666666667,False,0.0017733156553236618,6.72,9.95,0.016666666666666666,9.95,True,True,True,True,3,D,C,OSHODI BU,1.0,C,OSHODI BU,1.0,C,OSHODI BU,1.0
11-AlasiaINJ-T1-Council,D,2,9.0,OSHODI BU,347.0,358.0,365.0,356.6666666666667,1070.0,356.6666666666667,False,0.0014385502283520229,6.72,5.250555555555556,0.016666666666666666,5.250555555555556,True,True,True,True,3,D,D,OSHODI BU,1.0,D,OSHODI BU,1.0,D,OSHODI BU,1.0
11-AlasiaINJ-T1-Owoseni,D,2,9.0,OSHODI BU,420.0,433.0,442.0,431.6666666666667,1295.0,431.6666666666667,False,0.0017410491081456725,6.72,5.295277777777778,0.016666666666666666,5.295277777777778,True,True,True,True,3,D,C,OSHODI BU,1.0,C,OSHODI BU,1.0,C,OSHODI BU,1.0
11-AmuwoINJ-T1-Ijesha Express,D,2,9.0,OSHODI BU,357.0,368.0,375.0,366.6666666666667,1100.0,366.6666666666667,False,0.0014788834123245095,6.72,14.809166666666668,0.016666666666666666,14.809166666666668,True,True,True,True,3,D,D,OSHODI BU,1.0,D,OSHODI BU,1.0,D,OSHODI BU,1.0
11-AmuwoINJ-T1-Old Ojo Road,D,2,9.0,OSHODI BU,253.0,261.0,267.0,260.3333333333333,781.0,260.3333333333333,False,0.0010500072227504016,6.72,16.67138888888889,0.016666666666666666,16.67138888888889,True,True,True,True,3,D,D,OSHODI BU,1.0,D,OSHODI BU,1.0,D,OSHODI BU,1.0
11-BolorunpeluINJ-T1- Abaranje,D,2,8.0,OSHODI BU,,,242.0,242.0,242.0,242.0,False,0.0009760630521341762,,,,,False,False,False,True,1,,,,,,,,D,OSHODI BU,1.0
11-BolorunpeluINJ-T1-Abaranje,D,2,9.0,OSHODI BU,230.0,237.0,,233.5,467.0,233.5,False,0.0009417798457575626,6.72,11.167499999999999,0.016666666666666666,11.167499999999999,True,True,True,False,2,D,D,OSHODI BU,1.0,D,OSHODI BU,1.0,,,
11-CeleINJ-Adeshina,D,2,9.0,,,,,,,306.41530054644807,True,0.001235870468892467,6.72,16.67138888888889,0.016666666666666666,16.67138888888889,True,False,False,False,0,D,,,,,,,,,
11-EkoroINJ-T1-Ajasa,D,2,9.0,AKOWONJO BU,270.0,279.0,285.0,278.0,834.0,278.0,False,0.001121262514435128,6.72,12.18,0.016666666666666666,12.18,True,True,True,True,3,D,D,AKOWONJO BU,1.0,D,AKOWONJO BU,1.0,D,AKOWONJO BU,1.0
11-EkoroINJ-T1-Ekoro,D,2,8.0,AKOWONJO BU,292.0,301.0,307.0,300.0,900.0,300.0,False,0.0012099955191745987,,,,,False,True,True,True,3,,D,AKOWONJO BU,1.0,D,AKOWONJO BU,1.0,D,AKOWONJO BU,1.0
11-EkoroINJ-T1-Oke Odo,D,2,9.0,AKOWONJO BU,382.0,393.0,402.0,392.3333333333333,1177.0,392.3333333333333,False,0.001582405251187225,6.72,10.353333333333333,0.016666666666666666,10.353333333333333,True,True,True,True,3,D,D,AKOWONJO BU,1.0,D,AKOWONJO BU,1.0,D,AKOWONJO BU,1.0
11-EkoroINJ-T2-Agbele,D,2,9.0,AKOWONJO BU,284.0,292.0,298.0,291.3333333333333,874.0,291.3333333333333,False,0.0011750400930651101,6.72,4.0633333333333335,0.016666666666666666,4.0633333333333335,True,True,True,True,3,D,D,AKOWONJO BU,1.0,D,AKOWONJO BU,1.0,D,AKOWONJO BU,1.0
11-EkoroINJ-T2-Ekoro,D,2,9.0,,,,,,,306.41530054644807,True,0.001235870468892467,6.72,16.67138888888889,0.016666666666666666,16.67138888888889,True,False,False,False,0,D,,,,,,,,,
11-EkoroINJ-T2-Olota,D,2,9.0,AKOWONJO BU,281.0,289.0,296.0,288.6666666666667,866.0,288.6666666666667,False,0.0011642845773391138,6.72,5.431666666666667,0.016666666666666666,5.431666666666667,True,True,True,True,3,D,D,AKOWONJO BU,1.0,D,AKOWONJO BU,1.0,D,AKOWONJO BU,1.0
11-IgandoINJ-T1-Egan,D,2,9.0,OSHODI BU,182.0,187.0,191.0,186.66666666666666,560.0,186.66666666666666,False,0.0007528861008197503,6.72,12.454722222222221,0.016666666666666666,12.454722222222221,True,True,True,True,3,D,D,OSHODI BU,1.0,D,OSHODI BU,1.0,D,OSHODI BU,1.0
11-IgandoINJ-T1-New Igando,D,2,9.0,OSHODI BU,220.0,227.0,232.0,226.33333333333334,679.0,226.33333333333334,False,0.0009128743972439472,6.72,8.427222222222222,0.016666666666666666,8.427222222222222,True,True,True,True,3,D,D,OSHODI BU,1.0,D,OSHODI BU,1.0,D,OSHODI BU,1.0
11-IgandoINJ-T1-Obadore,D,2,9.0,OSHODI BU,230.0,237.0,242.0,236.33333333333334,709.0,236.33333333333334,False,0.0009532075812164339,6.72,5.35,0.016666666666666666,5.35,True,True,True,True,3,D,D,OSHODI BU,1.0,D,OSHODI BU,1.0,D,OSHODI BU,1.0
11-IgandoINJ-T2-Agric Road,D,2,9.0,OSHODI BU,178.0,183.0,187.0,182.66666666666666,548.0,182.66666666666666,False,0.0007367528272307556,6.72,16.616666666666667,0.016666666666666666,16.616666666666667,True,True,True,True,3,D,D,OSHODI BU,1.0,D,OSHODI BU,1.0,D,OSHODI BU,1.0
11-IgandoINJ-T2-Akesan,D,2,9.0,OSHODI BU,230.0,237.0,242.0,236.33333333333334,709.0,236.33333333333334,False,0.0009532075812164339,6.72,9.116111111111111,0.016666666666666666,9.116111111111111,True,True,True,True,3,D,D,OSHODI BU,1.0,D,OSHODI BU,1.0,D,OSHODI BU,1.0
11-IgandoINJ-T2-Ikotun Igando,D,2,9.0,,,,,,,306.41530054644807,True,0.001235870468892467,6.72,16.67138888888889,0.016666666666666666,16.67138888888889,True,False,False,False,0,D,,,,,,,,,
11-IgbogboINJ-T1-Bayeku,D,2,9.0,IKORODU BU,179.0,185.0,188.0,184.0,552.0,184.0,False,0.0007421305850937539,6.72,392.69472222222225,0.016666666666666666,392.69472222222225,True,True,True,True,3,D,D,IKORODU BU,1.0,D,IKORODU BU,1.0,D,IKORODU BU,1.0
11-IgbogboINJ-T1-Ofin,D,2,9.0,IKORODU BU,265.0,274.0,279.0,272.6666666666667,818.0,272.6666666666667,False,0.0010997514829831352,5.72,9.499722222222221,0.016666666666666666,9.499722222222221,True,True,True,True,3,D,D,IKORODU BU,1.0,D,IKORODU BU,1.0,D,IKORODU BU,1.0
11-IjedeINJ-T1-Gberibe,D,2,9.0,IKORODU BU,190.0,196.0,200.0,195.33333333333334,586.0,195.33333333333334,False,0.0007878415269292387,5.72,9.341666666666667,0.016666666666666666,9.341666666666667,True,True,True,True,3,D,D,IKORODU BU,1.0,D,IKORODU BU,1.0,D,IKORODU BU,1.0
11-IjedeINJ-T1-Luwasa,D,2,9.0,IKORODU BU,208.0,215.0,219.0,214.0,642.0,214.0,False,0.0008631301370112137,6.72,8.098055555555556,0.016666666666666666,8.098055555555556,True,True,True,True,3,D,D,IKORODU BU,1.0,D,IKORODU BU,1.0,D,IKORODU BU,1.0
11-IjegunINJ-T1-Ikotun,D,2,9.0,OSHODI BU,359.0,370.0,377.0,368.6666666666667,1106.0,368.6666666666667,False,0.001486950049119007,6.72,10.0,0.016666666666666666,10.0,True,True,True,True,3,D,D,OSHODI BU,1.0,D,OSHODI BU,1.0,D,OSHODI BU,1.0
11-IjegunINJ-T1-Okerube,D,2,9.0,OSHODI BU,222.0,229.0,234.0,228.33333333333334,685.0,228.33333333333334,False,0.0009209410340384446,6.72,10.495277777777776,0.016666666666666666,10.495277777777776,True,True,True,True,3,D,D,OSHODI BU,1.0,D,OSHODI BU,1.0,D,OSHODI BU,1.0
11-IjegunINJ-T2-Ijegun,D,2,9.0,OSHODI BU,163.0,168.0,171.0,167.33333333333334,502.0,167.33333333333334,False,0.0006749086118062762,6.72,11.337222222222223,0.016666666666666666,11.337222222222223,True,True,True,True,3,D,D,OSHODI BU,1.0,D,OSHODI BU,1.0,D,OSHODI BU,1.0
11-IjegunINJ-T2-Isheri Oshun,D,2,9.0,OSHODI BU,213.0,219.0,224.0,218.66666666666666,656.0,218.66666666666666,False,0.0008819522895317074,6.72,14.695277777777777,0.016666666666666666,14.695277777777777,True,True,True,True,3,D,D,OSHODI BU,1.0,D,OSHODI BU,1.0,D,OSHODI BU,1.0
11-IjegunINJ-T2-Pipeline,D,2,9.0,OSHODI BU,183.0,188.0,192.0,187.66666666666666,563.0,187.66666666666666,False,0.0007569194192169989,6.72,16.67138888888889,0.016666666666666666,16.67138888888889,True,True,True,True,3,D,D,OSHODI BU,1.0,D,OSHODI BU,1.0,D,OSHODI BU,1.0
11-Ipakodo (Ebute)INJ-T1- Abuja,D,2,8.0,IKORODU BU,,,295.0,295.0,295.0,295.0,False,0.0011898289271883554,,,,,False,False,False,True,1,,,,,,,,D,IKORODU BU,1.0
11-Ipakodo (Ebute)INJ-T1-Abuja,D,2,9.0,IKORODU BU,280.0,289.0,,284.5,569.0,284.5,False,0.0011474790840172444,6.72,7.776111111111111,0.016666666666666666,7.776111111111111,True,True,True,False,2,D,D,IKORODU BU,1.0,D,IKORODU BU,1.0,,,
11-Ipakodo (Ebute)INJ-T1-Ipakodo,D,2,9.0,IKORODU BU,386.0,398.0,,392.0,784.0,392.0,False,0.0015810608117214756,6.72,8.404166666666667,0.016666666666666666,8.404166666666667,True,True,True,False,2,D,C,IKORODU BU,1.0,C,IKORODU BU,1.0,,,
11-IsoloLocalINJ-Abimbola,D,2,9.0,OSHODI BU,302.0,311.0,318.0,310.3333333333333,931.0,310.3333333333333,False,0.0012516731426128348,6.72,21.279999999999998,0.016666666666666666,21.279999999999998,True,True,True,True,3,D,D,OSHODI BU,1.0,D,OSHODI BU,1.0,D,OSHODI BU,1.0
11-IsoloLocalINJ-T1-Abimbola,D,2,8.0,OSHODI BU,304.0,313.0,320.0,312.3333333333333,937.0,312.3333333333333,False,0.001259739779407332,,,,,False,True,True,True,3,,D,OSHODI BU,1.0,D,OSHODI BU,1.0,D,OSHODI BU,1.0
11-ItireINJ-T2-Ibalex,D,2,9.0,OSHODI BU,304.0,313.0,320.0,312.3333333333333,937.0,312.3333333333333,False,0.001259739779407332,6.72,5.261111111111111,0.016666666666666666,5.261111111111111,True,True,True,True,3,D,D,OSHODI BU,1.0,D,OSHODI BU,1.0,D,OSHODI BU,1.0
11-MafolukuINJ-T1-Makinde,D,2,9.0,OSHODI BU,526.0,542.0,554.0,540.6666666666666,1622.0,540.6666666666666,False,0.0021806808134457764,5.72,15.683333333333334,0.016666666666666666,15.683333333333334,True,True,True,True,3,D,C,OSHODI BU,1.0,C,OSHODI BU,1.0,C,OSHODI BU,1.0
11-MafolukuINJ-T1-Saubana,D,2,9.0,OSHODI BU,524.0,540.0,551.0,538.3333333333334,1615.0,538.3333333333334,False,0.00217126973718553,5.72,10.789722222222222,0.016666666666666666,10.789722222222222,True,True,True,True,3,D,C,OSHODI BU,1.0,C,OSHODI BU,1.0,C,OSHODI BU,1.0
11-MongoroINJ-T1-Capitol,D,2,9.0,AKOWONJO BU,362.0,373.0,381.0,372.0,1116.0,372.0,False,0.0015003944437765023,6.72,6.810833333333333,0.016666666666666666,6.810833333333333,True,True,True,True,3,D,D,AKOWONJO BU,1.0,D,AKOWONJO BU,1.0,D,AKOWONJO BU,1.0
11-New YabaINJ-T1-Fadeyi,D,2,9.0,SHOMOLU BU,278.0,287.0,293.0,286.0,858.0,286.0,False,0.0011535290616131173,6.72,7.7155555555555555,0.016666666666666666,7.7155555555555555,True,True,True,True,3,D,D,SHOMOLU BU,1.0,D,SHOMOLU BU,1.0,D,SHOMOLU BU,1.0
11-New YabaINJ-T2-Jibowu,D,2,9.0,SHOMOLU BU,538.0,554.0,566.0,552.6666666666666,1658.0,552.6666666666666,False,0.0022290806342127605,6.72,12.18,0.016666666666666666,12.18,True,True,True,True,3,D,C,SHOMOLU BU,1.0,C,SHOMOLU BU,1.0,C,SHOMOLU BU,1.0
11-NitelINJ-T1-Challenge,D,2,9.0,SHOMOLU BU,331.0,341.0,348.0,340.0,1020.0,340.0,False,0.0013713282550645452,6.72,16.67138888888889,0.016666666666666666,16.67138888888889,True,True,True,True,3,D,D,SHOMOLU BU,1.0,D,SHOMOLU BU,1.0,D,SHOMOLU BU,1.0
11-Oke AfaINJ-T1-Ejigbo,D,2,9.0,OSHODI BU,242.0,249.0,254.0,248.33333333333334,745.0,248.33333333333334,False,0.0010016074019834178,6.72,5.778888888888889,0.016666666666666666,5.778888888888889,True,True,True,True,3,D,D,OSHODI BU,1.0,D,OSHODI BU,1.0,D,OSHODI BU,1.0
11-Oke AfaINJ-T3-NNPC,D,2,9.0,OSHODI BU,285.0,293.0,300.0,292.6666666666667,878.0,292.6666666666667,False,0.0011804178509281086,6.72,7.063055555555556,0.016666666666666666,7.063055555555556,True,True,True,True,3,D,D,OSHODI BU,1.0,D,OSHODI BU,1.0,D,OSHODI BU,1.0
11-Oke AfaINJ-T3-Ori Oke,D,2,9.0,OSHODI BU,280.0,289.0,295.0,288.0,864.0,288.0,False,0.0011615956984076148,6.72,6.251388888888889,0.016666666666666666,6.251388888888889,True,True,True,True,3,D,D,OSHODI BU,1.0,D,OSHODI BU,1.0,D,OSHODI BU,1.0
11-Ope iluINJ-T1-Ijoko,D,2,9.0,,,,,,,306.41530054644807,True,0.001235870468892467,6.72,5.485555555555556,0.016666666666666666,5.485555555555556,True,False,False,False,0,D,,,,,,,,,
11-OwutuINJ-T1-Agric,D,2,9.0,IKORODU BU,261.0,269.0,275.0,268.3333333333333,805.0,268.3333333333333,False,0.001082273769928391,5.72,6.015,0.016666666666666666,6.015,True,True,True,True,3,D,D,IKORODU BU,1.0,D,IKORODU BU,1.0,D,IKORODU BU,1.0
11-OwutuINJ-T2-Asolo,D,2,9.0,IKORODU BU,262.0,269.0,275.0,268.6666666666667,806.0,268.6666666666667,False,0.0010836182093941406,6.72,15.645833333333332,0.016666666666666666,15.645833333333332,True,True,True,True,3,D,D,IKORODU BU,1.0,D,IKORODU BU,1.0,D,IKORODU BU,1.0
11-OwutuINJ-T2-Isawo,D,2,9.0,IKORODU BU,225.0,231.0,236.0,230.66666666666666,692.0,230.66666666666666,False,0.0009303521102986914,6.72,8.383333333333333,0.016666666666666666,8.383333333333333,True,True,True,True,3,D,D,IKORODU BU,1.0,D,IKORODU BU,1.0,D,IKORODU BU,1.0
11-OwutuINJ-T2-Majidun,D,2,9.0,IKORODU BU,379.0,391.0,399.0,389.6666666666667,1169.0,389.6666666666667,False,0.0015716497354612289,6.72,15.197777777777778,0.016666666666666666,15.197777777777778,True,True,True,True,3,D,C,IKORODU BU,1.0,C,IKORODU BU,1.0,C,IKORODU BU,1.0
11-SaboINJ-T1-Erunwen,D,2,8.0,IKORODU BU,302.0,311.0,317.0,310.0,930.0,310.0,False,0.0012503287031470852,,,,,False,True,True,True,3,,D,IKORODU BU,1.0,D,IKORODU BU,1.0,D,IKORODU BU,1.0
11-SaboINJ-T1-Ijebu Ode,D,2,9.0,IKORODU BU,302.0,312.0,318.0,310.6666666666667,932.0,310.6666666666667,False,0.0012530175820785845,6.72,10.239999999999998,0.016666666666666666,10.239999999999998,True,True,True,True,3,D,D,IKORODU BU,1.0,D,IKORODU BU,1.0,D,IKORODU BU,1.0
11-SaboINJ-T2-Erunwen,D,2,9.0,IKORODU BU,314.0,324.0,330.0,322.6666666666667,968.0,322.6666666666667,False,0.0013014174028455683,6.72,9.575,0.016666666666666666,9.575,True,True,True,True,3,D,D,IKORODU BU,1.0,D,IKORODU BU,1.0,D,IKORODU BU,1.0
11-SaboINJ-T2-Igbogbo,D,2,9.0,IKORODU BU,220.0,227.0,232.0,226.33333333333334,679.0,226.33333333333334,False,0.0009128743972439472,6.72,10.875833333333334,0.016666666666666666,10.875833333333334,True,True,True,True,3,D,D,IKORODU BU,1.0,D,IKORODU BU,1.0,D,IKORODU BU,1.0
11-SaboINJ-T2-Ladega,D,2,9.0,IKORODU BU,271.0,279.0,285.0,278.3333333333333,835.0,278.3333333333333,False,0.0011226069539008775,6.72,14.809166666666668,0.016666666666666666,14.809166666666668,True,True,True,True,3,D,D,IKORODU BU,1.0,D,IKORODU BU,1.0,D,IKORODU BU,1.0
11-ShashaINJ-T1-Orisunbare,D,2,9.0,AKOWONJO BU;OSHODI BU,646.0,665.0,679.0,663.3333333333334,1990.0,663.3333333333334,False,0.002675434536841613,6.72,6.3852777777777785,0.016666666666666666,6.3852777777777785,True,True,True,True,3,D,D,AKOWONJO BU;OSHODI BU,2.0,D,AKOWONJO BU;OSHODI BU,2.0,D,AKOWONJO BU;OSHODI BU,2.0
11-WasimiINJ-T1-Agiliti,D,2,9.0,SHOMOLU BU,394.0,406.0,414.0,404.6666666666667,1214.0,404.6666666666667,False,0.0016321495114199587,6.72,12.18,0.016666666666666666,12.18,True,True,True,True,3,D,C,SHOMOLU BU,1.0,C,SHOMOLU BU,1.0,C,SHOMOLU BU,1.0
11-YidiINJ-T1-Ijoko,D,2,8.0,ABULE-EGBA BU,177.0,183.0,187.0,182.33333333333334,547.0,182.33333333333334,False,0.0007354083877650061,,,,,False,True,True,True,3,,D,ABULE-EGBA BU,1.0,D,ABULE-EGBA BU,1.0,D,ABULE-EGBA BU,1.0
11-YidiINJ-T1-Opeilu,D,2,8.0,ABULE-EGBA BU;OSHODI BU,280.0,288.0,294.0,287.3333333333333,862.0,287.3333333333333,False,0.0011589068194761156,,,,,False,True,True,True,3,,D,ABULE-EGBA BU;OSHODI BU,2.0,D,ABULE-EGBA BU;OSHODI BU,2.0,D,ABULE-EGBA BU;OSHODI BU,2.0
11-YidiINJ-T1-Opellu,D,2,9.0,,,,,,,306.41530054644807,True,0.001235870468892467,6.72,8.068055555555555,0.016666666666666666,8.068055555555555,True,False,False,False,0,D,,,,,,,,,
33-EgbinTCN-OKE ELETU,D,2,9.0,,,,,,,306.41530054644807,True,0.001235870468892467,6.72,16.67138888888889,0.016666666666666666,16.67138888888889,True,False,False,False,0,D,,,,,,,,,
33-EjigboTCN-IJEGUN,D,2,9.0,OSHODI BU,312.0,322.0,329.0,321.0,963.0,321.0,False,0.0012946952055168206,6.72,6.810833333333333,0.016666666666666666,6.810833333333333,True,True,True,True,3,D,D,OSHODI BU,1.0,D,OSHODI BU,1.0,D,OSHODI BU,1.0
33-IkoroduTCN-AGBOWA,D,2,9.0,IKORODU BU,217.0,224.0,229.0,223.33333333333334,670.0,223.33333333333334,False,0.0009007744420522013,6.72,14.809166666666668,0.016666666666666666,14.809166666666668,True,True,True,True,3,D,D,IKORODU BU,1.0,D,IKORODU BU,1.0,D,IKORODU BU,1.0
33-IkoroduTCN-IJEDE,D,2,9.0,IKORODU BU,259.0,267.0,272.0,266.0,798.0,266.0,False,0.0010728626936681441,1.69,7.767222222222222,0.016666666666666666,7.767222222222222,True,True,True,True,3,D,D,IKORODU BU,1.0,D,IKORODU BU,1.0,D,IKORODU BU,1.0
33-OdogunyanTCN-AGBEDE,D,2,9.0,IKORODU BU,238.0,246.0,251.0,245.0,735.0,245.0,False,0.0009881630073259222,1.69,6.251111111111111,0.016666666666666666,6.251111111111111,True,True,True,True,3,D,D,IKORODU BU,1.0,D,IKORODU BU,1.0,D,IKORODU BU,1.0
33-OdogunyanTCN-FAKALE MAYA,D,2,9.0,,,,,,,306.41530054644807,True,0.001235870468892467,6.72,16.67138888888889,0.016666666666666666,16.67138888888889,True,False,False,False,0,D,,,,,,,,,
11-EpeINJ-T1-LASU,E,1,5.0,IKORODU BU,151.0,155.0,159.0,155.0,465.0,155.0,False,0.0006251643515735426,6.72,6.0675,0.016666666666666666,6.0675,True,True,True,True,3,E,E,IKORODU BU,1.0,E,IKORODU BU,1.0,E,IKORODU BU,1.0
11-EpeINJ-T1-Township,E,1,5.0,IKORODU BU,175.0,181.0,184.0,180.0,540.0,180.0,False,0.0007259973115047592,6.72,4.440833333333334,0.016666666666666666,4.440833333333334,True,True,True,True,3,E,E,IKORODU BU,1.0,E,IKORODU BU,1.0,E,IKORODU BU,1.0
11-EpeINJ-T1-Water Works,E,1,5.0,IKORODU BU,177.0,183.0,187.0,182.33333333333334,547.0,182.33333333333334,False,0.0007354083877650061,6.72,5.052222222222222,0.016666666666666666,5.052222222222222,True,True,True,True,3,E,E,IKORODU BU,1.0,E,IKORODU BU,1.0,E,IKORODU BU,1.0
11-IlupejuINJ-T4-Army Cant.,E,1,5.0,,,,,,,172.44444444444446,True,0.0006955233502811027,6.72,6.3575,0.016666666666666666,6.3575,True,False,False,False,0,E,,,,,,,,,
